[{"favorited": false, "contributors": null, "truncated": false, "is_quote_status": false, "in_reply_to_status_id": null, "user": {"follow_request_sent": false, "has_extended_profile": false, "profile_use_background_image": true, "default_profile_image": false, "id": 25073877, "profile_background_image_url_https": "https://pbs.twimg.com/profile_background_images/530021613/trump_scotland__43_of_70_cc.jpg", "verified": true, "translator_type": "regular", "profile_text_color": "333333", "profile_image_url_https": "https://pbs.twimg.com/profile_images/874276197357596672/kUuht00m_normal.jpg", "profile_sidebar_fill_color": "C5CEC0", "entities": {"description": {"urls": []}}, "followers_count": 34266818, "profile_sidebar_border_color": "BDDCAD", "id_str": "25073877", "profile_background_color": "6D5C18", "listed_count": 72876, "is_translation_enabled": true, "utc_offset": -14400, "statuses_count": 35329, "description": "45th President of the United States of America", "friends_count": 45, "location": "Washington, DC", "profile_link_color": "1B95E0", "profile_image_url": "http://pbs.twimg.com/profile_images/874276197357596672/kUuht00m_normal.jpg", "following": true, "geo_enabled": true, "profile_banner_url": "https://pbs.twimg.com/profile_banners/25073877/1500568149", "profile_background_image_url": "http://pbs.twimg.com/profile_background_images/530021613/trump_scotland__43_of_70_cc.jpg", "screen_name": "realDonaldTrump", "lang": "en", "profile_background_tile": true, "favourites_count": 14, "name": "Donald J. Trump", "notifications": true, "url": null, "created_at": "Wed Mar 18 13:46:38 +0000 2009", "contributors_enabled": false, "time_zone": "Eastern Time (US & Canada)", "protected": false, "default_profile": false, "is_translator": false}, "geo": null, "id": 888575966259314691, "favorite_count": 64833, "lang": "en", "full_text": "Sean Spicer is a wonderful person who took tremendous abuse from the Fake News Media - but his future is bright!", "entities": {"symbols": [], "user_mentions": [], "hashtags": [], "urls": []}, "created_at": "Sat Jul 22 01:46:33 +0000 2017", "retweeted": false, "coordinates": null, "in_reply_to_user_id_str": null, "source": "<a href=\"http://twitter.com/download/iphone\" rel=\"nofollow\">Twitter for iPhone</a>", "in_reply_to_status_id_str": null, "in_reply_to_screen_name": null, "in_reply_to_user_id": null, "display_text_range": [0, 112], "place": null, "retweet_count": 13614, "id_str": "888575966259314691"}, {"favorited": false, "contributors": null, "truncated": false, "possibly_sensitive": false, "is_quote_status": false, "in_reply_to_status_id": null, "user": {"follow_request_sent": false, "has_extended_profile": false, "profile_use_background_image": true, "default_profile_image": false, "id": 25073877, "profile_background_image_url_https": "https://pbs.twimg.com/profile_background_images/530021613/trump_scotland__43_of_70_cc.jpg", "verified": true, "translator_type": "regular", "profile_text_color": "333333", "profile_image_url_https": "https://pbs.twimg.com/profile_images/874276197357596672/kUuht00m_normal.jpg", "profile_sidebar_fill_color": "C5CEC0", "entities": {"description": {"urls": []}}, "followers_count": 34266818, "profile_sidebar_border_color": "BDDCAD", "id_str": "25073877", "profile_background_color": "6D5C18", "listed_count": 72876, "is_translation_enabled": true, "utc_offset": -14400, "statuses_count": 35329, "description": "45th President of the United States of America", "friends_count": 45, "location": "Washington, DC", "profile_link_color": "1B95E0", "profile_image_url": "http://pbs.twimg.com/profile_images/874276197357596672/kUuht00m_normal.jpg", "following": true, "geo_enabled": true, "profile_banner_url": "https://pbs.twimg.com/profile_banners/25073877/1500568149", "profile_background_image_url": "http://pbs.twimg.com/profile_background_images/530021613/trump_scotland__43_of_70_cc.jpg", "screen_name": "realDonaldTrump", "lang": "en", "profile_background_tile": true, "favourites_count": 14, "name": "Donald J. Trump", "notifications": true, "url": null, "created_at": "Wed Mar 18 13:46:38 +0000 2009", "contributors_enabled": false, "time_zone": "Eastern Time (US & Canada)", "protected": false, "default_profile": false, "is_translator": false}, "geo": null, "id": 888530948811366400, "favorite_count": 41269, "lang": "en", "full_text": "Today, it was my privilege to welcome survivors of the #USSArizona to the @WhiteHouse. #HonorThem\ud83c\uddfa\ud83c\uddf8\nRemarks: https://t.co/gySxxqazBl https://t.co/6IPmbqVi10", "entities": {"symbols": [], "user_mentions": [{"id": 822215673812119553, "indices": [74, 85], "id_str": "822215673812119553", "screen_name": "WhiteHouse", "name": "The White House"}], "hashtags": [{"indices": [55, 66], "text": "USSArizona"}, {"indices": [87, 97], "text": "HonorThem"}], "urls": [{"url": "https://t.co/gySxxqazBl", "indices": [109, 132], "expanded_url": "http://45.wh.gov/4tYXA7", "display_url": "45.wh.gov/4tYXA7"}], "media": [{"expanded_url": "https://twitter.com/realDonaldTrump/status/888530948811366400/video/1", "display_url": "pic.twitter.com/6IPmbqVi10", "url": "https://t.co/6IPmbqVi10", "media_url_https": "https://pbs.twimg.com/amplify_video_thumb/888522313477480449/img/fEU2nngW9_7AUenV.jpg", "id_str": "888522313477480449", "sizes": {"small": {"h": 191, "resize": "fit", "w": 340}, "large": {"h": 576, "resize": "fit", "w": 1024}, "medium": {"h": 338, "resize": "fit", "w": 600}, "thumb": {"h": 150, "resize": "crop", "w": 150}}, "indices": [133, 156], "type": "photo", "id": 888522313477480449, "media_url": "http://pbs.twimg.com/amplify_video_thumb/888522313477480449/img/fEU2nngW9_7AUenV.jpg"}]}, "created_at": "Fri Jul 21 22:47:40 +0000 2017", "retweeted": false, "coordinates": null, "in_reply_to_user_id_str": null, "source": "<a href=\"https://studio.twitter.com\" rel=\"nofollow\">Media Studio</a>", "in_reply_to_status_id_str": null, "in_reply_to_screen_name": null, "in_reply_to_user_id": null, "extended_entities": {"media": [{"additional_media_info": {"monetizable": false, "embeddable": true, "description": "I want to thank each of you for reminding us of who we are, where we came from, and why we never give up. Your story gives us all inspiration to do right by our country, our countrymen, and our God.", "title": ""}, "expanded_url": "https://twitter.com/realDonaldTrump/status/888530948811366400/video/1", "display_url": "pic.twitter.com/6IPmbqVi10", "url": "https://t.co/6IPmbqVi10", "media_url_https": "https://pbs.twimg.com/amplify_video_thumb/888522313477480449/img/fEU2nngW9_7AUenV.jpg", "video_info": {"aspect_ratio": [16, 9], "duration_millis": 69653, "variants": [{"url": "https://video.twimg.com/amplify_video/888522313477480449/vid/1280x720/Wc52B1lo9eJmLeu9.mp4", "bitrate": 2176000, "content_type": "video/mp4"}, {"url": "https://video.twimg.com/amplify_video/888522313477480449/vid/320x180/F3di1JI82cpR5kFj.mp4", "bitrate": 320000, "content_type": "video/mp4"}, {"url": "https://video.twimg.com/amplify_video/888522313477480449/pl/akVWmvK9lZSE89wU.m3u8", "content_type": "application/x-mpegURL"}, {"url": "https://video.twimg.com/amplify_video/888522313477480449/vid/640x360/alSV6I08cwk_r4C8.mp4", "bitrate": 832000, "content_type": "video/mp4"}]}, "id_str": "888522313477480449", "sizes": {"small": {"h": 191, "resize": "fit", "w": 340}, "large": {"h": 576, "resize": "fit", "w": 1024}, "medium": {"h": 338, "resize": "fit", "w": 600}, "thumb": {"h": 150, "resize": "crop", "w": 150}}, "indices": [133, 156], "type": "video", "id": 888522313477480449, "media_url": "http://pbs.twimg.com/amplify_video_thumb/888522313477480449/img/fEU2nngW9_7AUenV.jpg"}]}, "display_text_range": [0, 132], "place": null, "retweet_count": 9385, "id_str": "888530948811366400"}, {"contributors": null, "truncated": false, "is_quote_status": false, "in_reply_to_status_id": null, "id": 888529645381062656, "favorite_count": 1736, "full_text": "Today, it was my privilege to welcome survivors of the #USSArizona to the WH. Remarks: https://t.co/gySxxqazBl\n\nhttps://t.co/gySxxqazBl https://t.co/ZJaLAfBcv0", "source": "<a href=\"https://studio.twitter.com\" rel=\"nofollow\">Media Studio</a>", "retweeted": false, "coordinates": null, "entities": {"symbols": [], "user_mentions": [], "hashtags": [{"indices": [55, 66], "text": "USSArizona"}], "urls": [{"url": "https://t.co/gySxxqazBl", "indices": [87, 110], "expanded_url": "http://45.wh.gov/4tYXA7", "display_url": "45.wh.gov/4tYXA7"}, {"url": "https://t.co/gySxxqazBl", "indices": [112, 135], "expanded_url": "http://45.wh.gov/4tYXA7", "display_url": "45.wh.gov/4tYXA7"}], "media": [{"expanded_url": "https://twitter.com/realDonaldTrump/status/888529645381062656/video/1", "sizes": {"small": {"h": 191, "resize": "fit", "w": 340}, "large": {"h": 576, "resize": "fit", "w": 1024}, "medium": {"h": 338, "resize": "fit", "w": 600}, "thumb": {"h": 150, "resize": "crop", "w": 150}}, "url": "https://t.co/ZJaLAfBcv0", "media_url_https": "https://pbs.twimg.com/amplify_video_thumb/888522313477480449/img/fEU2nngW9_7AUenV.jpg", "id_str": "888522313477480449", "indices": [136, 159], "media_url": "http://pbs.twimg.com/amplify_video_thumb/888522313477480449/img/fEU2nngW9_7AUenV.jpg", "type": "photo", "id": 888522313477480449, "display_url": "pic.twitter.com/ZJaLAfBcv0"}]}, "in_reply_to_screen_name": null, "id_str": "888529645381062656", "display_text_range": [0, 135], "retweet_count": 459, "in_reply_to_user_id": null, "favorited": false, "user": {"follow_request_sent": false, "has_extended_profile": false, "profile_use_background_image": true, "id": 25073877, "verified": true, "translator_type": "regular", "profile_text_color": "333333", "profile_image_url_https": "https://pbs.twimg.com/profile_images/874276197357596672/kUuht00m_normal.jpg", "profile_sidebar_fill_color": "C5CEC0", "geo_enabled": true, "entities": {"description": {"urls": []}}, "followers_count": 34243341, "profile_sidebar_border_color": "BDDCAD", "location": "Washington, DC", "default_profile_image": false, "id_str": "25073877", "is_translation_enabled": true, "utc_offset": -14400, "statuses_count": 35328, "description": "45th President of the United States of America", "friends_count": 45, "profile_link_color": "1B95E0", "profile_image_url": "http://pbs.twimg.com/profile_images/874276197357596672/kUuht00m_normal.jpg", "notifications": true, "profile_background_image_url_https": "https://pbs.twimg.com/profile_background_images/530021613/trump_scotland__43_of_70_cc.jpg", "profile_background_color": "6D5C18", "profile_banner_url": "https://pbs.twimg.com/profile_banners/25073877/1500568149", "profile_background_image_url": "http://pbs.twimg.com/profile_background_images/530021613/trump_scotland__43_of_70_cc.jpg", "screen_name": "realDonaldTrump", "lang": "en", "following": true, "profile_background_tile": true, "favourites_count": 14, "name": "Donald J. Trump", "url": null, "created_at": "Wed Mar 18 13:46:38 +0000 2009", "contributors_enabled": false, "time_zone": "Eastern Time (US & Canada)", "protected": false, "default_profile": false, "is_translator": false, "listed_count": 73337}, "geo": null, "in_reply_to_user_id_str": null, "possibly_sensitive": false, "lang": "en", "created_at": "Fri Jul 21 22:42:30 +0000 2017", "in_reply_to_status_id_str": null, "place": null, "extended_entities": {"media": [{"additional_media_info": {"monetizable": false, "embeddable": true, "description": "THANK YOU for reminding us of who we are, where we came from, & why we never give up. Your story gives us all inspiration to do right by our country, our countrymen, & our God.", "title": "Honored to Welcome 3 of the 5 Living Survivors of the USS ARIZONA\ud83c\uddfa\ud83c\uddf8"}, "expanded_url": "https://twitter.com/realDonaldTrump/status/888529645381062656/video/1", "display_url": "pic.twitter.com/ZJaLAfBcv0", "url": "https://t.co/ZJaLAfBcv0", "media_url_https": "https://pbs.twimg.com/amplify_video_thumb/888522313477480449/img/fEU2nngW9_7AUenV.jpg", "video_info": {"aspect_ratio": [16, 9], "duration_millis": 69653, "variants": [{"url": "https://video.twimg.com/amplify_video/888522313477480449/vid/1280x720/Wc52B1lo9eJmLeu9.mp4", "bitrate": 2176000, "content_type": "video/mp4"}, {"url": "https://video.twimg.com/amplify_video/888522313477480449/vid/320x180/F3di1JI82cpR5kFj.mp4", "bitrate": 320000, "content_type": "video/mp4"}, {"url": "https://video.twimg.com/amplify_video/888522313477480449/pl/akVWmvK9lZSE89wU.m3u8", "content_type": "application/x-mpegURL"}, {"url": "https://video.twimg.com/amplify_video/888522313477480449/vid/640x360/alSV6I08cwk_r4C8.mp4", "bitrate": 832000, "content_type": "video/mp4"}]}, "id_str": "888522313477480449", "sizes": {"small": {"h": 191, "resize": "fit", "w": 340}, "large": {"h": 576, "resize": "fit", "w": 1024}, "medium": {"h": 338, "resize": "fit", "w": 600}, "thumb": {"h": 150, "resize": "crop", "w": 150}}, "indices": [136, 159], "type": "video", "id": 888522313477480449, "media_url": "http://pbs.twimg.com/amplify_video_thumb/888522313477480449/img/fEU2nngW9_7AUenV.jpg"}]}}, {"favorited": false, "contributors": null, "truncated": false, "possibly_sensitive": false, "is_quote_status": false, "in_reply_to_status_id": null, "user": {"follow_request_sent": false, "has_extended_profile": false, "profile_use_background_image": true, "default_profile_image": false, "id": 25073877, "profile_background_image_url_https": "https://pbs.twimg.com/profile_background_images/530021613/trump_scotland__43_of_70_cc.jpg", "verified": true, "translator_type": "regular", "profile_text_color": "333333", "profile_image_url_https": "https://pbs.twimg.com/profile_images/874276197357596672/kUuht00m_normal.jpg", "profile_sidebar_fill_color": "C5CEC0", "entities": {"description": {"urls": []}}, "followers_count": 34266818, "profile_sidebar_border_color": "BDDCAD", "id_str": "25073877", "profile_background_color": "6D5C18", "listed_count": 72876, "is_translation_enabled": true, "utc_offset": -14400, "statuses_count": 35329, "description": "45th President of the United States of America", "friends_count": 45, "location": "Washington, DC", "profile_link_color": "1B95E0", "profile_image_url": "http://pbs.twimg.com/profile_images/874276197357596672/kUuht00m_normal.jpg", "following": true, "geo_enabled": true, "profile_banner_url": "https://pbs.twimg.com/profile_banners/25073877/1500568149", "profile_background_image_url": "http://pbs.twimg.com/profile_background_images/530021613/trump_scotland__43_of_70_cc.jpg", "screen_name": "realDonaldTrump", "lang": "en", "profile_background_tile": true, "favourites_count": 14, "name": "Donald J. Trump", "notifications": true, "url": null, "created_at": "Wed Mar 18 13:46:38 +0000 2009", "contributors_enabled": false, "time_zone": "Eastern Time (US & Canada)", "protected": false, "default_profile": false, "is_translator": false}, "geo": null, "id": 888478670502932480, "favorite_count": 27921, "lang": "en", "full_text": "Manufacturers\u2019 record-high optimism reported in the 1st qtr has carried into the 2nd qtr of 2017 via @ShopFloorNAM:\nhttps://t.co/a42fNElct1 https://t.co/WHZtcAxhRQ", "entities": {"symbols": [], "user_mentions": [{"id": 26777550, "indices": [101, 114], "id_str": "26777550", "screen_name": "ShopFloorNAM", "name": "Nat Assoc of Mfg"}], "hashtags": [], "urls": [{"url": "https://t.co/a42fNElct1", "indices": [116, 139], "expanded_url": "http://45.wh.gov/ZtRRMt", "display_url": "45.wh.gov/ZtRRMt"}], "media": [{"expanded_url": "https://twitter.com/realDonaldTrump/status/888478670502932480/photo/1", "display_url": "pic.twitter.com/WHZtcAxhRQ", "url": "https://t.co/WHZtcAxhRQ", "media_url_https": "https://pbs.twimg.com/media/DFSCllqUMAAQkua.jpg", "id_str": "888478608775196672", "sizes": {"large": {"h": 384, "resize": "fit", "w": 768}, "small": {"h": 340, "resize": "fit", "w": 680}, "medium": {"h": 384, "resize": "fit", "w": 768}, "thumb": {"h": 150, "resize": "crop", "w": 150}}, "indices": [140, 163], "type": "photo", "id": 888478608775196672, "media_url": "http://pbs.twimg.com/media/DFSCllqUMAAQkua.jpg"}]}, "created_at": "Fri Jul 21 19:19:56 +0000 2017", "retweeted": false, "coordinates": null, "in_reply_to_user_id_str": null, "source": "<a href=\"http://twitter.com/download/iphone\" rel=\"nofollow\">Twitter for iPhone</a>", "in_reply_to_status_id_str": null, "in_reply_to_screen_name": null, "in_reply_to_user_id": null, "extended_entities": {"media": [{"expanded_url": "https://twitter.com/realDonaldTrump/status/888478670502932480/photo/1", "display_url": "pic.twitter.com/WHZtcAxhRQ", "url": "https://t.co/WHZtcAxhRQ", "media_url_https": "https://pbs.twimg.com/media/DFSCllqUMAAQkua.jpg", "id_str": "888478608775196672", "sizes": {"large": {"h": 384, "resize": "fit", "w": 768}, "small": {"h": 340, "resize": "fit", "w": 680}, "medium": {"h": 384, "resize": "fit", "w": 768}, "thumb": {"h": 150, "resize": "crop", "w": 150}}, "indices": [140, 163], "type": "photo", "id": 888478608775196672, "media_url": "http://pbs.twimg.com/media/DFSCllqUMAAQkua.jpg"}, {"expanded_url": "https://twitter.com/realDonaldTrump/status/888478670502932480/photo/1", "display_url": "pic.twitter.com/WHZtcAxhRQ", "url": "https://t.co/WHZtcAxhRQ", "media_url_https": "https://pbs.twimg.com/media/DFSCllgUIAAtjq3.jpg", "id_str": "888478608733249536", "sizes": {"large": {"h": 513, "resize": "fit", "w": 1024}, "small": {"h": 341, "resize": "fit", "w": 680}, "medium": {"h": 513, "resize": "fit", "w": 1024}, "thumb": {"h": 150, "resize": "crop", "w": 150}}, "indices": [140, 163], "type": "photo", "id": 888478608733249536, "media_url": "http://pbs.twimg.com/media/DFSCllgUIAAtjq3.jpg"}, {"expanded_url": "https://twitter.com/realDonaldTrump/status/888478670502932480/photo/1", "display_url": "pic.twitter.com/WHZtcAxhRQ", "url": "https://t.co/WHZtcAxhRQ", "media_url_https": "https://pbs.twimg.com/media/DFSCllRUIAAzkfc.jpg", "id_str": "888478608670334976", "sizes": {"small": {"h": 410, "resize": "fit", "w": 680}, "large": {"h": 433, "resize": "fit", "w": 719}, "medium": {"h": 433, "resize": "fit", "w": 719}, "thumb": {"h": 150, "resize": "crop", "w": 150}}, "indices": [140, 163], "type": "photo", "id": 888478608670334976, "media_url": "http://pbs.twimg.com/media/DFSCllRUIAAzkfc.jpg"}, {"expanded_url": "https://twitter.com/realDonaldTrump/status/888478670502932480/photo/1", "display_url": "pic.twitter.com/WHZtcAxhRQ", "url": "https://t.co/WHZtcAxhRQ", "media_url_https": "https://pbs.twimg.com/media/DFSClldV0AAx7Ji.jpg", "id_str": "888478608720777216", "sizes": {"large": {"h": 411, "resize": "fit", "w": 617}, "small": {"h": 411, "resize": "fit", "w": 617}, "medium": {"h": 411, "resize": "fit", "w": 617}, "thumb": {"h": 150, "resize": "crop", "w": 150}}, "indices": [140, 163], "type": "photo", "id": 888478608720777216, "media_url": "http://pbs.twimg.com/media/DFSClldV0AAx7Ji.jpg"}]}, "display_text_range": [0, 139], "place": null, "retweet_count": 7219, "id_str": "888478670502932480"}, {"favorited": false, "contributors": null, "truncated": false, "possibly_sensitive": false, "is_quote_status": false, "in_reply_to_status_id": null, "user": {"follow_request_sent": false, "has_extended_profile": false, "profile_use_background_image": true, "default_profile_image": false, "id": 25073877, "profile_background_image_url_https": "https://pbs.twimg.com/profile_background_images/530021613/trump_scotland__43_of_70_cc.jpg", "verified": true, "translator_type": "regular", "profile_text_color": "333333", "profile_image_url_https": "https://pbs.twimg.com/profile_images/874276197357596672/kUuht00m_normal.jpg", "profile_sidebar_fill_color": "C5CEC0", "entities": {"description": {"urls": []}}, "followers_count": 34266818, "profile_sidebar_border_color": "BDDCAD", "id_str": "25073877", "profile_background_color": "6D5C18", "listed_count": 72876, "is_translation_enabled": true, "utc_offset": -14400, "statuses_count": 35329, "description": "45th President of the United States of America", "friends_count": 45, "location": "Washington, DC", "profile_link_color": "1B95E0", "profile_image_url": "http://pbs.twimg.com/profile_images/874276197357596672/kUuht00m_normal.jpg", "following": true, "geo_enabled": true, "profile_banner_url": "https://pbs.twimg.com/profile_banners/25073877/1500568149", "profile_background_image_url": "http://pbs.twimg.com/profile_background_images/530021613/trump_scotland__43_of_70_cc.jpg", "screen_name": "realDonaldTrump", "lang": "en", "profile_background_tile": true, "favourites_count": 14, "name": "Donald J. Trump", "notifications": true, "url": null, "created_at": "Wed Mar 18 13:46:38 +0000 2009", "contributors_enabled": false, "time_zone": "Eastern Time (US & Canada)", "protected": false, "default_profile": false, "is_translator": false}, "geo": null, "id": 888429879603191811, "favorite_count": 41127, "lang": "en", "full_text": "ICYMI- This week we hosted a #MadeInAmerica event, right here at the @WhiteHouse! If it is MADE IN AMERICA, it is the BEST! USA\ud83c\uddfa\ud83c\uddf8 https://t.co/q4vB9GdE5y", "entities": {"symbols": [], "user_mentions": [{"id": 822215673812119553, "indices": [69, 80], "id_str": "822215673812119553", "screen_name": "WhiteHouse", "name": "The White House"}], "hashtags": [{"indices": [29, 43], "text": "MadeInAmerica"}], "urls": [], "media": [{"expanded_url": "https://twitter.com/realDonaldTrump/status/888429879603191811/video/1", "display_url": "pic.twitter.com/q4vB9GdE5y", "url": "https://t.co/q4vB9GdE5y", "media_url_https": "https://pbs.twimg.com/amplify_video_thumb/888426828339318785/img/SG4rr-ouE-krsEg8.jpg", "id_str": "888426828339318785", "sizes": {"small": {"h": 191, "resize": "fit", "w": 340}, "large": {"h": 576, "resize": "fit", "w": 1024}, "medium": {"h": 338, "resize": "fit", "w": 600}, "thumb": {"h": 150, "resize": "crop", "w": 150}}, "indices": [130, 153], "type": "photo", "id": 888426828339318785, "media_url": "http://pbs.twimg.com/amplify_video_thumb/888426828339318785/img/SG4rr-ouE-krsEg8.jpg"}]}, "created_at": "Fri Jul 21 16:06:04 +0000 2017", "retweeted": false, "coordinates": null, "in_reply_to_user_id_str": null, "source": "<a href=\"https://studio.twitter.com\" rel=\"nofollow\">Media Studio</a>", "in_reply_to_status_id_str": null, "in_reply_to_screen_name": null, "in_reply_to_user_id": null, "extended_entities": {"media": [{"additional_media_info": {"monetizable": false, "embeddable": true, "description": "", "title": ""}, "expanded_url": "https://twitter.com/realDonaldTrump/status/888429879603191811/video/1", "display_url": "pic.twitter.com/q4vB9GdE5y", "url": "https://t.co/q4vB9GdE5y", "media_url_https": "https://pbs.twimg.com/amplify_video_thumb/888426828339318785/img/SG4rr-ouE-krsEg8.jpg", "video_info": {"aspect_ratio": [16, 9], "duration_millis": 56848, "variants": [{"url": "https://video.twimg.com/amplify_video/888426828339318785/vid/1280x720/G-eZ3eWTk4hRy0Nc.mp4", "bitrate": 2176000, "content_type": "video/mp4"}, {"url": "https://video.twimg.com/amplify_video/888426828339318785/vid/640x360/K3E1el78cfcJhQgi.mp4", "bitrate": 832000, "content_type": "video/mp4"}, {"url": "https://video.twimg.com/amplify_video/888426828339318785/vid/320x180/rP5HJPGbaY4aFWNV.mp4", "bitrate": 320000, "content_type": "video/mp4"}, {"url": "https://video.twimg.com/amplify_video/888426828339318785/pl/9wGLsZuCyS6Hs2h_.m3u8", "content_type": "application/x-mpegURL"}]}, "id_str": "888426828339318785", "sizes": {"small": {"h": 191, "resize": "fit", "w": 340}, "large": {"h": 576, "resize": "fit", "w": 1024}, "medium": {"h": 338, "resize": "fit", "w": 600}, "thumb": {"h": 150, "resize": "crop", "w": 150}}, "indices": [130, 153], "type": "video", "id": 888426828339318785, "media_url": "http://pbs.twimg.com/amplify_video_thumb/888426828339318785/img/SG4rr-ouE-krsEg8.jpg"}]}, "display_text_range": [0, 129], "place": null, "retweet_count": 9561, "id_str": "888429879603191811"}, {"favorited": false, "contributors": null, "truncated": false, "possibly_sensitive": false, "is_quote_status": false, "in_reply_to_status_id": null, "user": {"follow_request_sent": false, "has_extended_profile": false, "profile_use_background_image": true, "default_profile_image": false, "id": 25073877, "profile_background_image_url_https": "https://pbs.twimg.com/profile_background_images/530021613/trump_scotland__43_of_70_cc.jpg", "verified": true, "translator_type": "regular", "profile_text_color": "333333", "profile_image_url_https": "https://pbs.twimg.com/profile_images/874276197357596672/kUuht00m_normal.jpg", "profile_sidebar_fill_color": "C5CEC0", "entities": {"description": {"urls": []}}, "followers_count": 34266818, "profile_sidebar_border_color": "BDDCAD", "id_str": "25073877", "profile_background_color": "6D5C18", "listed_count": 72876, "is_translation_enabled": true, "utc_offset": -14400, "statuses_count": 35329, "description": "45th President of the United States of America", "friends_count": 45, "location": "Washington, DC", "profile_link_color": "1B95E0", "profile_image_url": "http://pbs.twimg.com/profile_images/874276197357596672/kUuht00m_normal.jpg", "following": true, "geo_enabled": true, "profile_banner_url": "https://pbs.twimg.com/profile_banners/25073877/1500568149", "profile_background_image_url": "http://pbs.twimg.com/profile_background_images/530021613/trump_scotland__43_of_70_cc.jpg", "screen_name": "realDonaldTrump", "lang": "en", "profile_background_tile": true, "favourites_count": 14, "name": "Donald J. Trump", "notifications": true, "url": null, "created_at": "Wed Mar 18 13:46:38 +0000 2009", "contributors_enabled": false, "time_zone": "Eastern Time (US & Canada)", "protected": false, "default_profile": false, "is_translator": false}, "geo": null, "id": 888420461075476480, "favorite_count": 42905, "lang": "en", "full_text": "\"Six months in - it is the hope of GROWTH\ud83d\udcc8that is making America\ud83c\uddfa\ud83c\uddf8FOUR TRILLION DOLLARS\ud83d\udcb0RICHER.\" -Stuart @VarneyCo\n\ud83c\udfa5https://t.co/s7fYOicWGV https://t.co/x9MeUzDom6", "entities": {"symbols": [], "user_mentions": [{"id": 281610530, "indices": [105, 114], "id_str": "281610530", "screen_name": "Varneyco", "name": "Varney & Co."}], "hashtags": [], "urls": [{"url": "https://t.co/s7fYOicWGV", "indices": [116, 139], "expanded_url": "https://instagram.com/p/BWz90ClgzNv/", "display_url": "instagram.com/p/BWz90ClgzNv/"}], "media": [{"expanded_url": "https://twitter.com/realDonaldTrump/status/888420461075476480/video/1", "display_url": "pic.twitter.com/x9MeUzDom6", "url": "https://t.co/x9MeUzDom6", "media_url_https": "https://pbs.twimg.com/media/DFRNjrzXsAAourt.jpg", "id_str": "888399333783195648", "sizes": {"small": {"h": 348, "resize": "fit", "w": 680}, "large": {"h": 992, "resize": "fit", "w": 1937}, "medium": {"h": 615, "resize": "fit", "w": 1200}, "thumb": {"h": 150, "resize": "crop", "w": 150}}, "indices": [140, 163], "type": "photo", "id": 888399333783195648, "media_url": "http://pbs.twimg.com/media/DFRNjrzXsAAourt.jpg"}]}, "created_at": "Fri Jul 21 15:28:38 +0000 2017", "retweeted": false, "coordinates": null, "in_reply_to_user_id_str": null, "source": "<a href=\"https://studio.twitter.com\" rel=\"nofollow\">Media Studio</a>", "in_reply_to_status_id_str": null, "in_reply_to_screen_name": null, "in_reply_to_user_id": null, "extended_entities": {"media": [{"additional_media_info": {"monetizable": false, "embeddable": true, "description": "", "title": ""}, "expanded_url": "https://twitter.com/realDonaldTrump/status/888420461075476480/video/1", "display_url": "pic.twitter.com/x9MeUzDom6", "url": "https://t.co/x9MeUzDom6", "media_url_https": "https://pbs.twimg.com/media/DFRNjrzXsAAourt.jpg", "video_info": {"aspect_ratio": [16, 9], "duration_millis": 103738, "variants": [{"url": "https://video.twimg.com/amplify_video/888399333783195648/pl/I0gF1-9U1zbPJWgv.m3u8", "content_type": "application/x-mpegURL"}, {"url": "https://video.twimg.com/amplify_video/888399333783195648/vid/320x180/pHxPXfpNSOZzAf0d.mp4", "bitrate": 320000, "content_type": "video/mp4"}, {"url": "https://video.twimg.com/amplify_video/888399333783195648/vid/640x360/oOSJ2WrxuxE8mx5I.mp4", "bitrate": 832000, "content_type": "video/mp4"}]}, "id_str": "888399333783195648", "sizes": {"small": {"h": 348, "resize": "fit", "w": 680}, "large": {"h": 992, "resize": "fit", "w": 1937}, "medium": {"h": 615, "resize": "fit", "w": 1200}, "thumb": {"h": 150, "resize": "crop", "w": 150}}, "indices": [140, 163], "type": "video", "id": 888399333783195648, "media_url": "http://pbs.twimg.com/media/DFRNjrzXsAAourt.jpg"}]}, "display_text_range": [0, 139], "place": null, "retweet_count": 12241, "id_str": "888420461075476480"}, {"favorited": false, "contributors": null, "truncated": false, "possibly_sensitive": false, "is_quote_status": false, "in_reply_to_status_id": null, "user": {"follow_request_sent": false, "has_extended_profile": false, "profile_use_background_image": true, "default_profile_image": false, "id": 25073877, "profile_background_image_url_https": "https://pbs.twimg.com/profile_background_images/530021613/trump_scotland__43_of_70_cc.jpg", "verified": true, "translator_type": "regular", "profile_text_color": "333333", "profile_image_url_https": "https://pbs.twimg.com/profile_images/874276197357596672/kUuht00m_normal.jpg", "profile_sidebar_fill_color": "C5CEC0", "entities": {"description": {"urls": []}}, "followers_count": 34266818, "profile_sidebar_border_color": "BDDCAD", "id_str": "25073877", "profile_background_color": "6D5C18", "listed_count": 72876, "is_translation_enabled": true, "utc_offset": -14400, "statuses_count": 35329, "description": "45th President of the United States of America", "friends_count": 45, "location": "Washington, DC", "profile_link_color": "1B95E0", "profile_image_url": "http://pbs.twimg.com/profile_images/874276197357596672/kUuht00m_normal.jpg", "following": true, "geo_enabled": true, "profile_banner_url": "https://pbs.twimg.com/profile_banners/25073877/1500568149", "profile_background_image_url": "http://pbs.twimg.com/profile_background_images/530021613/trump_scotland__43_of_70_cc.jpg", "screen_name": "realDonaldTrump", "lang": "en", "profile_background_tile": true, "favourites_count": 14, "name": "Donald J. Trump", "notifications": true, "url": null, "created_at": "Wed Mar 18 13:46:38 +0000 2009", "contributors_enabled": false, "time_zone": "Eastern Time (US & Canada)", "protected": false, "default_profile": false, "is_translator": false}, "geo": null, "id": 888393378970439682, "favorite_count": 33982, "lang": "und", "full_text": "#MadeInAmerica\ud83c\uddfa\ud83c\uddf8\n\ud83d\udcf8https://t.co/39dwlGHI7R https://t.co/VfIrc5Xssx", "entities": {"symbols": [], "user_mentions": [], "hashtags": [{"indices": [0, 14], "text": "MadeInAmerica"}], "urls": [{"url": "https://t.co/39dwlGHI7R", "indices": [18, 41], "expanded_url": "http://45.wh.gov/9iiQxw", "display_url": "45.wh.gov/9iiQxw"}], "media": [{"expanded_url": "https://twitter.com/realDonaldTrump/status/888393378970439682/photo/1", "display_url": "pic.twitter.com/VfIrc5Xssx", "url": "https://t.co/VfIrc5Xssx", "media_url_https": "https://pbs.twimg.com/tweet_video_thumb/DFQ0z0IWAAAS5PC.jpg", "id_str": "888393091270443008", "sizes": {"small": {"h": 191, "resize": "fit", "w": 340}, "large": {"h": 576, "resize": "fit", "w": 1024}, "medium": {"h": 338, "resize": "fit", "w": 600}, "thumb": {"h": 150, "resize": "crop", "w": 150}}, "indices": [42, 65], "type": "photo", "id": 888393091270443008, "media_url": "http://pbs.twimg.com/tweet_video_thumb/DFQ0z0IWAAAS5PC.jpg"}]}, "created_at": "Fri Jul 21 13:41:01 +0000 2017", "retweeted": false, "coordinates": null, "in_reply_to_user_id_str": null, "source": "<a href=\"http://twitter.com/download/iphone\" rel=\"nofollow\">Twitter for iPhone</a>", "in_reply_to_status_id_str": null, "in_reply_to_screen_name": null, "in_reply_to_user_id": null, "extended_entities": {"media": [{"expanded_url": "https://twitter.com/realDonaldTrump/status/888393378970439682/photo/1", "display_url": "pic.twitter.com/VfIrc5Xssx", "url": "https://t.co/VfIrc5Xssx", "media_url_https": "https://pbs.twimg.com/tweet_video_thumb/DFQ0z0IWAAAS5PC.jpg", "video_info": {"aspect_ratio": [16, 9], "variants": [{"url": "https://video.twimg.com/tweet_video/DFQ0z0IWAAAS5PC.mp4", "bitrate": 0, "content_type": "video/mp4"}]}, "id_str": "888393091270443008", "sizes": {"small": {"h": 191, "resize": "fit", "w": 340}, "large": {"h": 576, "resize": "fit", "w": 1024}, "medium": {"h": 338, "resize": "fit", "w": 600}, "thumb": {"h": 150, "resize": "crop", "w": 150}}, "indices": [42, 65], "type": "animated_gif", "id": 888393091270443008, "media_url": "http://pbs.twimg.com/tweet_video_thumb/DFQ0z0IWAAAS5PC.jpg"}]}, "display_text_range": [0, 41], "place": null, "retweet_count": 7589, "id_str": "888393378970439682"}, {"favorited": false, "cont