[{"source": "Twitter for iPhone", "id_str": "948189482284707840", "text": "Companies are giving big bonuses to their workers because of the Tax Cut Bill. Really great!", "created_at": "Tue Jan 02 13:49:23 +0000 2018", "retweet_count": 1533, "in_reply_to_user_id_str": null, "favorite_count": 7338, "is_retweet": false}, {"source": "Twitter for iPhone", "id_str": "948188264858603520", "text": "Thank you to Brandon Judd of the National Border Patrol Council for your kind words on how well we are doing at the Border. We will be bringing in more &amp; more of your great folks and will build the desperately needed WALL! @foxandfriends", "created_at": "Tue Jan 02 13:44:33 +0000 2018", "retweet_count": 2002, "in_reply_to_user_id_str": null, "favorite_count": 8373, "is_retweet": false}, {"source": "Twitter for iPhone", "id_str": "948174033882927104", "text": "Crooked Hillary Clinton\u2019s top aid, Huma Abedin, has been accused of disregarding basic security protocols. She put Classified Passwords into the hands of foreign agents. Remember sailors pictures on submarine? Jail! Deep State Justice Dept must finally act? Also on Comey &amp; others", "created_at": "Tue Jan 02 12:48:00 +0000 2018", "retweet_count": 9955, "in_reply_to_user_id_str": null, "favorite_count": 32356, "is_retweet": false}, {"source": "Twitter for iPhone", "id_str": "948164289591902208", "text": "The people of Iran are finally acting against the brutal and corrupt Iranian regime. All of the money that President Obama so foolishly gave them went into terrorism and into their \u201cpockets.\u201d The people have little food, big inflation and no human rights. The U.S. is watching!", "created_at": "Tue Jan 02 12:09:17 +0000 2018", "retweet_count": 11813, "in_reply_to_user_id_str": null, "favorite_count": 40038, "is_retweet": false}, {"source": "Twitter for iPhone", "id_str": "947824196909961216", "text": "Will be leaving Florida for Washington (D.C.) today at 4:00 P.M. Much work to be done, but it will be a great New Year!", "created_at": "Mon Jan 01 13:37:52 +0000 2018", "retweet_count": 15914, "in_reply_to_user_id_str": null, "favorite_count": 103505, "is_retweet": false}, {"source": "Twitter for iPhone", "id_str": "947810806430826496", "text": "Iran is failing at every level despite the terrible deal made with them by the Obama Administration. The great Iranian people have been repressed for many years. They are hungry for food &amp; for freedom. Along with human rights, the wealth of Iran is being looted. TIME FOR CHANGE!", "created_at": "Mon Jan 01 12:44:40 +0000 2018", "retweet_count": 26190, "in_reply_to_user_id_str": "25073877", "favorite_count": 96306, "is_retweet": false}, {"source": "Twitter for iPhone", "id_str": "947802588174577664", "text": "The United States has foolishly given Pakistan more than 33 billion dollars in aid over the last 15 years, and they have given us nothing but lies &amp; deceit, thinking of our leaders as fools. They give safe haven to the terrorists we hunt in Afghanistan, with little help. No more!", "created_at": "Mon Jan 01 12:12:00 +0000 2018", "retweet_count": 90319, "in_reply_to_user_id_str": null, "favorite_count": 267695, "is_retweet": false}]