[{"source": "Twitter for iPhone", "id_str": "951875499537641472", "text": "Today, it was my great honor to proclaim January 15, 2018, as Martin Luther King Jr., Federal Holiday. I encourage all Americans to observe this day with appropriate civic, community, and service activities in honor of Dr. King's life and legacy. https://t.co/samlJsz1Nt", "created_at": "Fri Jan 12 17:56:18 +0000 2018", "retweet_count": 13176, "in_reply_to_user_id_str": null, "favorite_count": 52341, "is_retweet": false}, {"source": "Twitter for iPhone", "id_str": "951813216291708928", "text": "Never said anything derogatory about Haitians other than Haiti is, obviously, a very poor and troubled country. Never said \u201ctake them out.\u201d Made up by Dems. I have a wonderful relationship with Haitians. Probably should record future meetings - unfortunately, no trust!", "created_at": "Fri Jan 12 13:48:49 +0000 2018", "retweet_count": 24688, "in_reply_to_user_id_str": null, "favorite_count": 90002, "is_retweet": false}, {"source": "Twitter for iPhone", "id_str": "951798415301718017", "text": "Sadly, Democrats want to stop paying our troops and government workers in order to give a sweetheart deal, not a fair deal, for DACA. Take care of our Military, and our Country, FIRST!", "created_at": "Fri Jan 12 12:50:00 +0000 2018", "retweet_count": 21564, "in_reply_to_user_id_str": null, "favorite_count": 82997, "is_retweet": false}, {"source": "Twitter for iPhone", "id_str": "951793123985973248", "text": "The language used by me at the DACA meeting was tough, but this was not the language used. What was really tough was the outlandish proposal made - a big setback for DACA!", "created_at": "Fri Jan 12 12:28:58 +0000 2018", "retweet_count": 18187, "in_reply_to_user_id_str": null, "favorite_count": 71438, "is_retweet": false}, {"source": "Twitter for iPhone", "id_str": "951790999784783872", "text": "....Because of the Democrats not being interested in life and safety, DACA has now taken a big step backwards. The Dems will threaten \u201cshutdown,\u201d but what they are really doing is shutting down our military, at a time we need it most. Get smart, MAKE AMERICA GREAT AGAIN!", "created_at": "Fri Jan 12 12:20:32 +0000 2018", "retweet_count": 16252, "in_reply_to_user_id_str": null, "favorite_count": 62719, "is_retweet": false}, {"source": "Twitter for iPhone", "id_str": "951788342647107584", "text": "....countries which are doing badly. I want a merit based system of immigration and people who will help take our country to the next level. I want safety and security for our people. I want to stop the massive inflow of drugs. I want to fund our military, not do a Dem defund....", "created_at": "Fri Jan 12 12:09:58 +0000 2018", "retweet_count": 18639, "in_reply_to_user_id_str": null, "favorite_count": 78926, "is_retweet": false}, {"source": "Twitter for iPhone", "id_str": "951785587765280768", "text": "The so-called bipartisan DACA deal presented yesterday to myself and a group of Republican Senators and Congressmen was a big step backwards. Wall was not properly funded, Chain &amp; Lottery were made worse and USA would be forced to take large numbers of people from high crime.....", "created_at": "Fri Jan 12 11:59:02 +0000 2018", "retweet_count": 16759, "in_reply_to_user_id_str": null, "favorite_count": 61925, "is_retweet": false}, {"source": "Twitter for iPhone", "id_str": "951679619341737986", "text": "Reason I canceled my trip to London is that I am not a big fan of the Obama Administration having sold perhaps the best located and finest embassy in London for \u201cpeanuts,\u201d only to build a new one in an off location for 1.2 billion dollars. Bad deal. Wanted me to cut ribbon-NO!", "created_at": "Fri Jan 12 04:57:57 +0000 2018", "retweet_count": 25184, "in_reply_to_user_id_str": null, "favorite_count": 100409, "is_retweet": false}, {"source": "Twitter for iPhone", "id_str": "951675713089888256", "text": "The Democrats seem intent on having people and drugs pour into our country from the Southern Border, risking thousands of lives in the process. It is my duty to protect the lives and safety of all Americans. We must build a Great Wall, think Merit and end Lottery &amp; Chain. USA!", "created_at": "Fri Jan 12 04:42:25 +0000 2018", "retweet_count": 24033, "in_reply_to_user_id_str": null, "favorite_count": 97360, "is_retweet": false}, {"source": "Twitter for iPhone", "id_str": "951650274032209920", "text": "Democrat Dianne Feinstein should never have released secret committee testimony to the public without authorization. Very disrespectful to committee members and possibly illegal. She blamed her poor decision on the fact she had a cold - a first!", "created_at": "Fri Jan 12 03:01:20 +0000 2018", "retweet_count": 19777, "in_reply_to_user_id_str": null, "favorite_count": 82659, "is_retweet": false}, {"source": "Twitter for iPhone", "id_str": "951648197440569344", "text": "Chrysler is moving a massive plant from Mexico to Michigan, reversing a years long opposite trend. Thank you Chrysler, a very wise decision. The voters in Michigan are very happy they voted for Trump/Pence. Plenty of more to follow!", "created_at": "Fri Jan 12 02:53:05 +0000 2018", "retweet_count": 21961, "in_reply_to_user_id_str": null, "favorite_count": 95238, "is_retweet": false}, {"source": "Twitter for iPhone", "id_str": "951647402599026689", "text": "More great news as a result of historical Tax Cuts and Reform: Fiat Chrysler announces plan to invest more than $1 BILLION in Michigan plant, relocating their heavy-truck production from Mexico to Michigan, adding 2,500 new jobs and paying $2,000 bonus to U.S. employees! https://t.co/47azKD0l9B", "created_at": "Fri Jan 12 02:49:56 +0000 2018", "retweet_count": 15645, "in_reply_to_user_id_str": null, "favorite_count": 59036, "is_retweet": false}, {"source": "Twitter for iPhone", "id_str": "951646736233189377", "text": "Small Business Poll has highest approval numbers in the polls history. All business is just at the beginning of something really special!", "created_at": "Fri Jan 12 02:47:17 +0000 2018", "retweet_count": 11289, "in_reply_to_user_id_str": null, "favorite_count": 56289, "is_retweet": false}, {"source": "Twitter for iPhone", "id_str": "951645893513613312", "text": "Thank you Adam Levine, The Federalist, in interview on @foxandfriends  \u201cDonald Trump is the greatest President our Country has ever seen.\u201d", "created_at": "Fri Jan 12 02:43:56 +0000 2018", "retweet_count": 13245, "in_reply_to_user_id_str": null, "favorite_count": 63357, "is_retweet": false}, {"source": "Media Studio", "id_str": "951596346011680768", "text": "Yesterday, I signed the #INTERDICTAct (H.R. 2142) with bipartisan members of Congress to help end the flow of drugs into our country. Together, we are committed to doing everything we can to combat the deadly scourge of drug addiction and overdose in the United States! https://t.co/ELZvFol5Lo", "created_at": "Thu Jan 11 23:27:03 +0000 2018", "retweet_count": 12257, "in_reply_to_user_id_str": null, "favorite_count": 51584, "is_retweet": false}, {"source": "Twitter Web Client", "id_str": "951478281303416832", "text": "Great news, as a result of our TAX CUTS &amp; JOBS ACT! https://t.co/SLvhLxP3Jl", "created_at": "Thu Jan 11 15:37:54 +0000 2018", "retweet_count": 14011, "in_reply_to_user_id_str": null, "favorite_count": 56238, "is_retweet": false}, {"source": "Twitter for iPhone", "id_str": "951457382651056128", "text": "With that being said, I have personally directed the fix to the unmasking process since taking office and today\u2019s vote is about foreign surveillance of foreign bad guys on foreign land. We need it! Get smart!", "created_at": "Thu Jan 11 14:14:51 +0000 2018", "retweet_count": 11505, "in_reply_to_user_id_str": "25073877", "favorite_count": 54109, "is_retweet": false}, {"source": "Twitter for iPhone", "id_str": "951441504203104256", "text": "\u201c45 year low in illegal immigration this year.\u201d @foxandfriends", "created_at": "Thu Jan 11 13:11:46 +0000 2018", "retweet_count": 15297, "in_reply_to_user_id_str": null, "favorite_count": 78091, "is_retweet": false}, {"source": "Twitter for iPhone", "id_str": "951431836030459905", "text": "\u201cHouse votes on controversial FISA ACT today.\u201d This is the act that may have been used, with the help of the discredited and phony Dossier, to so badly surveil and abuse the Trump Campaign by the previous administration and others?", "created_at": "Thu Jan 11 12:33:21 +0000 2018", "retweet_count": 16357, "in_reply_to_user_id_str": null, "favorite_count": 66424, "is_retweet": false}, {"source": "Twitter for iPhone", "id_str": "951419415794511872", "text": "In new Quinnipiac Poll, 66% of people feel the economy is \u201cExcellent or Good.\u201d That is the highest number ever recorded by this poll.", "created_at": "Thu Jan 11 11:43:59 +0000 2018", "retweet_count": 20086, "in_reply_to_user_id_str": null, "favorite_count": 90061, "is_retweet": false}, {"source": "Twitter for iPhone", "id_str": "951416674808467461", "text": "Disproven and paid for by Democrats \u201cDossier used to spy on Trump Campaign. Did FBI use Intel tool to influence the Election?\u201d @foxandfriends  Did Dems or Clinton also pay Russians? Where are hidden and smashed DNC servers? Where are Crooked Hillary Emails?  What a mess!", "created_at": "Thu Jan 11 11:33:06 +0000 2018", "retweet_count": 21543, "in_reply_to_user_id_str": null, "favorite_count": 76137, "is_retweet": false}, {"source": "Twitter for iPhone", "id_str": "951309956720087041", "text": "Good news: Toyota and Mazda announce giant new Huntsville, Alabama, plant which will produce over 300,000 cars and SUV\u2019s a year and employ 4000 people. Companies are coming back to the U.S. in a very big way. Congratulations Alabama!", "created_at": "Thu Jan 11 04:29:02 +0000 2018", "retweet_count": 34905, "in_reply_to_user_id_str": null, "favorite_count": 166961, "is_retweet": false}, {"source": "Twitter for iPhone", "id_str": "951236634095308800", "text": "Cutting taxes and simplifying regulations makes America the place to invest! Great news as Toyota and Mazda announce they are bringing 4,000 JOBS and investing $1.6 BILLION in Alabama, helping to further grow our economy! https://t.co/Kcg8IVH6iA", "created_at": "Wed Jan 10 23:37:41 +0000 2018", "retweet_count": 22170, "in_reply_to_user_id_str": null, "favorite_count": 85448, "is_retweet": false}, {"source": "Twitter for iPhone", "id_str": "951229113897013248", "text": "The United States needs the security of the Wall on the Southern Border, which must be part of any DACA approval. The safety and security of our country is #1! https://t.co/4CFzQXb5aS", "created_at": "Wed Jan 10 23:07:48 +0000 2018", "retweet_count": 15109, "in_reply_to_user_id_str": null, "favorite_count": 64772, "is_retweet": false}, {"source": "Twitter for iPhone", "id_str": "951204878562549767", "text": "Today, it was my great honor to welcome Prime Minister Erna Solberg of Norway to the @WhiteHouse - a great friend and ally of the United States! Joint press conference: https://t.co/qWR1BhfQZI https://t.co/PJvwznjRCO", "created_at": "Wed Jan 10 21:31:30 +0000 2018", "retweet_count": 9019, "in_reply_to_user_id_str": null, "favorite_count": 47032, "is_retweet": false}, {"source": "Twitter for iPhone", "id_str": "951184020150382592", "text": "I want to thank my @Cabinet for working tirelessly on behalf of our country. 2017 was a year of monumental achievement and we look forward to the year ahead. Together, we are delivering results and MAKING AMERICA GREAT AGAIN! https://t.co/ptXa1hAPwW https://t.co/yv6RALkQf3", "created_at": "Wed Jan 10 20:08:37 +0000 2018", "retweet_count": 11340, "in_reply_to_user_id_str": null, "favorite_count": 52865, "is_retweet": false}, {"source": "Twitter for iPhone", "id_str": "951109942685126656", "text": "The single greatest Witch Hunt in American history continues. There was no collusion, everybody including the Dems knows there was no collusion, &amp; yet on and on it goes. Russia &amp; the world is laughing at the stupidity they are witnessing. Republicans should finally take control!", "created_at": "Wed Jan 10 15:14:15 +0000 2018", "retweet_count": 28148, "in_reply_to_user_id_str": null, "favorite_count": 115566, "is_retweet": false}, {"source": "Twitter for iPhone", "id_str": "951106475254059008", "text": "The fact that Sneaky Dianne Feinstein, who has on numerous occasions stated that collusion between Trump/Russia has not been found, would release testimony in such an underhanded and possibly illegal way, totally without authorization, is a disgrace. Must have tough Primary!", "created_at": "Wed Jan 10 15:00:29 +0000 2018", "retweet_count": 22156, "in_reply_to_user_id_str": null, "favorite_count": 88635, "is_retweet": false}, {"source": "Twitter for iPhone", "id_str": "951094078661414912", "text": "It just shows everyone how broken and unfair our Court System is when the opposing side in a case (such as DACA) always runs to the 9th Circuit and almost always wins before being reversed by higher courts.", "created_at": "Wed Jan 10 14:11:13 +0000 2018", "retweet_count": 26076, "in_reply_to_user_id_str": null, "favorite_count": 104394, "is_retweet": false}, {"source": "Twitter for iPhone", "id_str": "950946293077209088", "text": ".@ICEgov HSI agents and ERO officers, on behalf of an entire Nation, THANK YOU for what you are doing 24/7/365 to keep fellow American\u2019s SAFE. Everyone is so grateful!\n#LawEnforcementAppreciationDay\nPresident @realDonaldTrump https://t.co/HXCpTlruVo", "created_at": "Wed Jan 10 04:23:58 +0000 2018", "retweet_count": 13403, "in_reply_to_user_id_str": null, "favorite_count": 58000, "is_retweet": false}, {"source": "Twitter for iPhone", "id_str": "950937350003183618", "text": "Thank you @GOPLeader Kevin McCarthy! Couldn\u2019t agree w/you more. TOGETHER, we are #MAGA\ud83c\uddfa\ud83c\uddf8 https://t.co/QaxtqpyXTR", "created_at": "Wed Jan 10 03:48:26 +0000 2018", "retweet_count": 11496, "in_reply_to_user_id_str": null, "favorite_count": 49644, "is_retweet": false}, {"source": "Twitter for iPhone", "id_str": "950884128379035650", "text": "As I made very clear today, our country needs the security of the Wall on the Southern Border, which must be part of any DACA approval.", "created_at": "Wed Jan 10 00:16:57 +0000 2018", "retweet_count": 24126, "in_reply_to_user_id_str": null, "favorite_count": 120263, "is_retweet": false}, {"source": "Twitter for iPhone", "id_str": "950879772644659200", "text": "RT @Scavino45: \u201cUtilities cutting rates, cite benefits of Trump tax reform\u201d https://t.co/u19JMs4Bsr", "created_at": "Tue Jan 09 23:59:38 +0000 2018", "retweet_count": 11372, "in_reply_to_user_id_str": null, "favorite_count": 0, "is_retweet": true}, {"source": "Twitter for iPhone", "id_str": "950866561153331202", "text": "Today, it was my great honor to sign a new Executive Order to ensure Veterans have the resources they need as they transition back to civilian life. We must ensure that our HEROES are given the care and support they so richly deserve! https://t.co/0MdP9DDIAS https://t.co/LP2a8KCBAp", "created_at": "Tue Jan 09 23:07:09 +0000 2018", "retweet_count": 18947, "in_reply_to_user_id_str": null, "favorite_count": 79432, "is_retweet": false}, {"source": "Twitter for iPhone", "id_str": "950862709599465472", "text": "Thanks to all of the Republican and Democratic lawmakers for today\u2019s very productive meeting on immigration reform. There was strong agreement to negotiate a bill that deals with border security, chain migration, lottery and DACA. https://t.co/SdqAQ3aL3z https://t.co/8DYHZHspAy", "created_at": "Tue Jan 09 22:51:50 +0000 2018", "retweet_count": 11635, "in_reply_to_user_id_str": null, "favorite_count": 56343, "is_retweet": false}, {"source": "Twitter for iPhone", "id_str": "950823813868122112", "text": "It was my great honor to sign H.R. 267, the \u201cMartin Luther King, Jr. National Historical Park Act,\u201d which redesignates the Martin Luther King, Junior, National Historic Site in the State of Georgia as the Martin Luther King, Jr. National Historical Park. https://t.co/Qe0b6HBFTY https://t.co/QTgaqTawPT", "created_at": "Tue Jan 09 20:17:17 +0000 2018", "retweet_count": 16858, "in_reply_to_user_id_str": null, "favorite_count": 71298, "is_retweet": false}, {"source": "Twitter for iPhone", "id_str": "950777029816963072", "text": "On behalf of the American people, THANK YOU to our incredible law enforcement officers. As President of the United States - I will fight for you, and I will never, ever let you down. Now, more than ever, we must support the men and women in blue! #LawEnforcementAppreciationDay https://t.co/Qb4uxB4JRm", "created_at": "Tue Jan 09 17:11:23 +0000 2018", "retweet_count": 26274, "in_reply_to_user_id_str": null, "favorite_count": 109984, "is_retweet": false}, {"source": "Twitter for iPhone", "id_str": "950507353094356993", "text": "We are fighting for our farmers, for our country, and for our GREAT AMERICAN FLAG. We want our flag respected - and we want our NATIONAL ANTHEM respected also! https://t.co/16eOLXg6Fi", "created_at": "Mon Jan 08 23:19:47 +0000 2018", "retweet_count": 21875, "in_reply_to_user_id_str": null, "favorite_count": 103062, "is_retweet": false}, {"source": "Twitter for iPhone", "id_str": "950502279785959425", "text": "In every decision we make, we are honoring America\u2019s PROUD FARMING LEGACY. Years of crushing taxes, crippling regs, &amp; corrupt politics left our communities hurting, our economy stagnant, &amp; millions of hardworking Americans COMPLETELY FORGOTTEN. But they are not forgotten ANYMORE! https://t.co/MdYS7xnukQ", "created_at": "Mon Jan 08 22:59:37 +0000 2018", "retweet_count": 17700, "in_reply_to_user_id_str": null, "favorite_count": 79659, "is_retweet": false}, {"source": "Twitter for iPhone", "id_str": "950501926227136512", "text": "We have been working every day to DELIVER for America\u2019s Farmers just as they work every day to deliver FOR US. #AFBF18 https://t.co/QDH7fvFkZ7", "created_at": "Mon Jan 08 22:58:13 +0000 2018", "retweet_count": 11414, "in_reply_to_user_id_str": null, "favorite_count": 56401, "is_retweet": false}, {"source": "Twitter for iPhone", "id_str": "950443653666713601", "text": "Can\u2019t wait to be back in the amazing state of Tennessee to address the 99th American @FarmBureau Federation\u2019s Annual Convention in Nashville! #AFBF18\n\nOn my way now - join me LIVE at 4:00pmE: https://t.co/QaljAqekdD. https://t.co/Wm7Io0hYT8", "created_at": "Mon Jan 08 19:06:40 +0000 2018", "retweet_count": 10197, "in_reply_to_user_id_str": null, "favorite_count": 53327, "is_retweet": false}, {"source": "Twitter for iPhone", "id_str": "950371619247153154", "text": "African American unemployment is the lowest ever recorded in our country. The Hispanic unemployment rate dropped a full point in the last year and is close to the lowest in recorded history. Dems did nothing for you but get your vote!  #NeverForget  @foxandfriends", "created_at": "Mon Jan 08 14:20:25 +0000 2018", "retweet_count": 34511, "in_reply_to_user_id_str": null, "favorite_count": 130626, "is_retweet": false}, {"source": "Twitter for iPhone", "id_str": "950206523690639360", "text": "...Clinton in the WH, doubling down on Barack Obama\u2019s failed policies, washes away any doubts that America made the right choice. This was truly a change election \u2014 and the changes Trump is bringing are far-reaching &amp; necessary.\u201d Thank you Michael Goodwin! https://t.co/4fHNcx2Ydg", "created_at": "Mon Jan 08 03:24:23 +0000 2018", "retweet_count": 18761, "in_reply_to_user_id_str": "25073877", "favorite_count": 82166, "is_retweet": false}, {"source": "Twitter for iPhone", "id_str": "950206338411499520", "text": "\u201cHis is turning out to be an enormously consequential presidency. So much so that, despite my own frustration over his missteps, there has never been a day when I wished Hillary Clinton were president. Not one. Indeed, as Trump\u2019s accomplishments accumulate, the mere thought of...", "created_at": "Mon Jan 08 03:23:39 +0000 2018", "retweet_count": 16831, "in_reply_to_user_id_str": null, "favorite_count": 81456, "is_retweet": false}, {"source": "Twitter for iPhone", "id_str": "950194495223730176", "text": "....failed policies, washes away any doubts that America made the right choice. This was truly a change election, and the changes Trump is bringing are far-reaching and necessary.\u201d  Thank you Michael Goodwin! (Please read entire column) mgoodwin@nypost.com", "created_at": "Mon Jan 08 02:36:36 +0000 2018", "retweet_count": 5004, "in_reply_to_user_id_str": null, "favorite_count": 20962, "is_retweet": false}, {"source": "Twitter for iPhone", "id_str": "950190674661511168", "text": "\u201cHis is turning out to be an enormously consensual presidency. So much so that...there has never been a day that I wished Hillary Clinton were President. Not one. Indeed, as Trump\u2019s accomplishments accumulate, the mere thought of Clinton in the W.H., doubling down on Obama\u2019s.....", "created_at": "Mon Jan 08 02:21:25 +0000 2018", "retweet_count": 5479, "in_reply_to_user_id_str": null, "favorite_count": 23199, "is_retweet": false}, {"source": "Twitter for iPhone", "id_str": "950105312782114817", "text": "The Stock Market has been creating tremendous benefits for our country in the form of not only Record Setting Stock Prices, but present and future Jobs, Jobs, Jobs. Seven TRILLION dollars of value created since our big election win!", "created_at": "Sun Jan 07 20:42:13 +0000 2018", "retweet_count": 20290, "in_reply_to_user_id_str": null, "favorite_count": 99445, "is_retweet": false}, {"source": "Twitter for iPhone", "id_str": "950103659337134080", "text": "The Fake News Awards, those going to the most corrupt &amp; biased of the Mainstream Media, will be presented to the losers on Wednesday, January 17th, rather than this coming Monday. The interest in, and importance of, these awards is far greater than anyone could have anticipated!", "created_at": "Sun Jan 07 20:35:39 +0000 2018", "retweet_count": 36045, "in_reply_to_user_id_str": null, "favorite_count": 147071, "is_retweet": false}, {"source": "Twitter for iPhone", "id_str": "950023175907266560", "text": "Jake Tapper of Fake News CNN just got destroyed in his interview with Stephen Miller of the Trump Administration. Watch the hatred and unfairness of this CNN flunky!", "created_at": "Sun Jan 07 15:15:50 +0000 2018", "retweet_count": 29903, "in_reply_to_user_id_str": null, "favorite_count": 123348, "is_retweet": false}, {"source": "Twitter for iPhone", "id_str": "950014185299210240", "text": "I\u2019ve had to put up with the Fake News from the first day I announced that I would be running for President. Now I have to put up with a Fake Book, written by a totally discredited author. Ronald Reagan had the same problem and handled it well. So will I!", "created_at": "Sun Jan 07 14:40:06 +0000 2018", "retweet_count": 31514, "in_reply_to_user_id_str": null, "favorite_count": 152806, "is_retweet": false}, {"source": "Twitter for iPhone", "id_str": "950012437788585985", "text": "Leaving Camp David for the White House. Great meetings with the Cabinet and Military on many very important subjects including Border Security &amp; the desperately needed Wall, the ever increasing Drug and Opioid Problem, Infrastructure, Military, Budget, Trade and DACA.", "created_at": "Sun Jan 07 14:33:10 +0000 2018", "retweet_count": 15647, "in_reply_to_user_id_str": null, "favorite_count": 80997, "is_retweet": false}, {"source": "Twitter for iPhone", "id_str": "949619270631256064", "text": "....to President of the United States (on my first try). I think that would qualify as not smart, but genius....and a very stable genius at that!", "created_at": "Sat Jan 06 12:30:51 +0000 2018", "retweet_count": 34680, "in_reply_to_user_id_str": null, "favorite_count": 142716, "is_retweet": false}, {"source": "Twitter for iPhone", "id_str": "949618475877765120", "text": "....Actually, throughout my life, my two greatest assets have been mental stability and being, like, really smart. Crooked Hillary Clinton also played these cards very hard and, as everyone knows, went down in flames. I went from VERY successful businessman, to top T.V. Star.....", "created_at": "Sat Jan 06 12:27:42 +0000 2018", "retweet_count": 36825, "in_reply_to_user_id_str": null, "favorite_count": 134765, "is_retweet": false}, {"source": "Twitter for iPhone", "id_str": "949616329463615489", "text": "Now that Russian collusion, after one year of intense study, has proven to be a total hoax on the American public, the Democrats and their lapdogs, the Fake News Mainstream Media, are taking out the old Ronald Reagan playbook and screaming mental stability and intelligence.....", "created_at": "Sat Jan 06 12:19:10 +0000 2018", "retweet_count": 35296, "in_reply_to_user_id_str": null, "favorite_count": 148498, "is_retweet": false}, {"source": "Twitter for iPhone", "id_str": "949610896241946626", "text": "Brian Ross, the reporter who made a fraudulent live newscast about me that drove the Stock Market down 350 points (billions of dollars), was suspended for a month but is now back at ABC NEWS in a lower capacity. He is no longer allowed to report on Trump. Should have been fired!", "created_at": "Sat Jan 06 11:57:35 +0000 2018", "retweet_count": 23540, "in_reply_to_user_id_str": null, "favorite_count": 119014, "is_retweet": false}, {"source": "Twitter for iPhone", "id_str": "949608746497576960", "text": "The African American unemployment rate fell to 6.8%, the lowest rate in 45 years. I am so happy about this News! And, in the Washington Post (of all places), headline states, \u201cTrumps first year jobs numbers were very, very good.\u201d", "created_at": "Sat Jan 06 11:49:02 +0000 2018", "retweet_count": 32731, "in_reply_to_user_id_str": null, "favorite_count": 144209, "is_retweet": false}, {"source": "Twitter for iPhone", "id_str": "949498795074736129", "text": "Michael Wolff is a total loser who made up stories in order to sell this really boring and untruthful book. He used Sloppy Steve Bannon, who cried when he got fired and begged for his job. Now Sloppy Steve has been dumped like a dog by almost everyone. Too bad! https://t.co/mEeUhk5ZV9", "created_at": "Sat Jan 06 04:32:08 +0000 2018", "retweet_count": 24182, "in_reply_to_user_id_str": null, "favorite_count": 89182, "is_retweet": false}, {"source": "Twitter for iPhone", "id_str": "949495534003412992", "text": "Good idea Rand! https://t.co/55sqUDiC0s", "created_at": "Sat Jan 06 04:19:10 +0000 2018", "retweet_count": 30320, "in_reply_to_user_id_str": null, "favorite_count": 121443, "is_retweet": false}, {"source": "Twitter for iPhone", "id_str": "949303089416294401", "text": "The Mercer Family recently dumped the leaker known as Sloppy Steve Bannon. Smart!", "created_at": "Fri Jan 05 15:34:28 +0000 2018", "retweet_count": 16122, "in_reply_to_user_id_str": null, "favorite_count": 79932, "is_retweet": false}, {"source": "Twitter for iPhone", "id_str": "949287555660500992", "text": "Well, now that collusion with Russia is proving to be a total hoax and the only collusion is with Hillary Clinton and the FBI/Russia, the Fake News Media (Mainstream) and this phony new book are hitting out at every new front imaginable. They should try winning an election. Sad!", "created_at": "Fri Jan 05 14:32:44 +0000 2018", "retweet_count": 32939, "in_reply_to_user_id_str": null, "favorite_count": 146419, "is_retweet": false}, {"source": "Twitter for iPhone", "id_str": "949242950659313669", "text": "Dow goes from 18,589 on November 9, 2016, to 25,075 today, for a new all-time Record. Jumped 1000 points in last 5 weeks, Record fastest 1000 point move in history. This is all about the Make America Great Again agenda! Jobs, Jobs, Jobs. Six trillion dollars in value created!", "created_at": "Fri Jan 05 11:35:30 +0000 2018", "retweet_count": 27304, "in_reply_to_user_id_str": null, "favorite_count": 123445, "is_retweet": false}, {"source": "Twitter for iPhone", "id_str": "949129410208202757", "text": "The Fake News Media barely mentions the fact that the Stock Market just hit another New Record and that business in the U.S. is booming...but the people know! Can you imagine if \u201cO\u201d was president and had these numbers - would be biggest story on earth! Dow now over 25,000.", "created_at": "Fri Jan 05 04:04:20 +0000 2018", "retweet_count": 28282, "in_reply_to_user_id_str": null, "favorite_count": 129489, "is_retweet": false}, {"source": "Twitter for iPhone", "id_str": "949126530839572481", "text": "I authorized Zero access to White House (actually turned him down many times) for author of phony book! I never spoke to him for book. Full of lies, misrepresentations and sources that don\u2019t exist. Look at this guy\u2019s past and watch what happens to him and Sloppy Steve!", "created_at": "Fri Jan 05 03:52:53 +0000 2018", "retweet_count": 24190, "in_reply_to_user_id_str": null, "favorite_count": 101627, "is_retweet": false}, {"source": "Twitter for iPhone", "id_str": "949070800417640454", "text": "MAKING AMERICA GREAT AGAIN! https://t.co/iONbr1DkVk", "created_at": "Fri Jan 05 00:11:26 +0000 2018", "retweet_count": 22404, "in_reply_to_user_id_str": null, "favorite_count": 93604, "is_retweet": false}, {"source": "Twitter for iPhone", "id_str": "949066181381632001", "text": "Thank you to the great Republican Senators who showed up to our mtg on immigration reform. We must BUILD THE WALL, stop illegal immigration, end chain migration &amp; cancel the visa lottery. The current system is unsafe &amp; unfair to the great people of our country - time for change!", "created_at": "Thu Jan 04 23:53:05 +0000 2018", "retweet_count": 30514, "in_reply_to_user_id_str": null, "favorite_count": 137652, "is_retweet": false}, {"source": "Twitter for iPhone", "id_str": "948944124132167680", "text": "Dow just crashes through 25,000. Congrats! Big cuts in unnecessary regulations continuing.", "created_at": "Thu Jan 04 15:48:04 +0000 2018", "retweet_count": 23597, "in_reply_to_user_id_str": null, "favorite_count": 118420, "is_retweet": false}, {"source": "Twitter for iPhone", "id_str": "948881133340708864", "text": "So beautiful....Show this picture to the NFL players who still kneel! https://t.co/tJLM1tvbvb", "created_at": "Thu Jan 04 11:37:46 +0000 2018", "retweet_count": 32965, "in_reply_to_user_id_str": null, "favorite_count": 117849, "is_retweet": false}, {"source": "Twitter for iPhone", "id_str": "948879774277128197", "text": "With all of the failed \u201cexperts\u201d weighing in, does anybody really believe that talks and dialogue would be going on between North and South Korea right now if I wasn\u2019t firm, strong and willing to commit our total \u201cmight\u201d against the North. Fools, but talks are a good thing!", "created_at": "Thu Jan 04 11:32:22 +0000 2018", "retweet_count": 20025, "in_reply_to_user_id_str": null, "favorite_count": 94483, "is_retweet": false}, {"source": "Twitter for iPhone", "id_str": "948874586006925313", "text": "As Americans, you need identification, sometimes in a very strong and accurate form, for almost everything you do.....except when it comes to the most important thing, VOTING for the people that run your country. Push hard for Voter Identification!", "created_at": "Thu Jan 04 11:11:45 +0000 2018", "retweet_count": 40374, "in_reply_to_user_id_str": null, "favorite_count": 155590, "is_retweet": false}, {"source": "Twitter for iPhone", "id_str": "948872192284155904", "text": "Many mostly Democrat States refused to hand over data from the 2016 Election to the Commission On Voter Fraud. They fought hard that the Commission not see their records or methods because they know that many people are voting illegally. System is rigged, must go to Voter I.D.", "created_at": "Thu Jan 04 11:02:14 +0000 2018", "retweet_count": 30936, "in_reply_to_user_id_str": null, "favorite_count": 111374, "is_retweet": false}, {"source": "Twitter for iPhone", "id_str": "948739073237311488", "text": "MAKE AMERICA GREAT AGAIN!", "created_at": "Thu Jan 04 02:13:16 +0000 2018", "retweet_count": 38354, "in_reply_to_user_id_str": null, "favorite_count": 161471, "is_retweet": false}, {"source": "Twitter for iPhone", "id_str": "948738634722742273", "text": "Stock Market had another good day but, now that the Tax Cut Bill has passed, we have tremendous upward potential. Dow just short of 25,000, a number that few thought would be possible this soon into my administration. Also, unemployment went down to 4.1%. Only getting better!", "created_at": "Thu Jan 04 02:11:31 +0000 2018", "retweet_count": 19869, "in_reply_to_user_id_str": null, "favorite_count": 106300, "is_retweet": false}, {"source": "Twitter for iPhone", "id_str": "948737652119031808", "text": "\u201cSome 40 U.S. companies have responded to President Trump\u2019s tax cut and reform victory in Congress last year by handing out bonuses up to $2,000, increases in 401k matches and spending on charity, a much higher number than previously known.\u201d https://t.co/bmWrwWzxMR", "created_at": "Thu Jan 04 02:07:37 +0000 2018", "retweet_count": 16830, "in_reply_to_user_id_str": null, "favorite_count": 68241, "is_retweet": false}, {"source": "Twitter for iPhone", "id_str": "948722170531893248", "text": "Melania and I are deeply saddened by the death of Thomas S. Monson, a beloved President of the Church of Jesus Christ of Latter-day Saints...\nhttps://t.co/ETD3fWtfU3", "created_at": "Thu Jan 04 01:06:06 +0000 2018", "retweet_count": 12747, "in_reply_to_user_id_str": null, "favorite_count": 59691, "is_retweet": false}, {"source": "Twitter for iPhone", "id_str": "948548807612084224", "text": "Such respect for the people of Iran as they try to take back their corrupt government. You will see great support from the United States at the appropriate time!", "created_at": "Wed Jan 03 13:37:13 +0000 2018", "retweet_count": 30718, "in_reply_to_user_id_str": null, "favorite_count": 148733, "is_retweet": false}, {"source": "Twitter for iPhone", "id_str": "948404303072460800", "text": "\u201cPresident Trump has something now he didn\u2019t have a year ago, that is a set of accomplishments that nobody can deny. The accomplishments are there, look at his record, he has had a very significant first year.\u201d @LouDobbs Show,David Asman &amp; Ed Rollins", "created_at": "Wed Jan 03 04:03:01 +0000 2018", "retweet_count": 21184, "in_reply_to_user_id_str": null, "favorite_count": 98353, "is_retweet": false}, {"source": "Twitter for iPhone", "id_str": "948362512315056129", "text": "Watch @seanhannity tonight at 9:00 P.M.", "created_at": "Wed Jan 03 01:16:57 +0000 2018", "retweet_count": 7073, "in_reply_to_user_id_str": null, "favorite_count": 28606, "is_retweet": false}, {"source": "Twitter for iPhone", "id_str": "948359545767841792", "text": "I will be announcing THE MOST DISHONEST &amp; CORRUPT MEDIA AWARDS OF THE YEAR on Monday at 5:00 o\u2019clock. Subjects will cover Dishonesty &amp; Bad Reporting in various categories from the Fake News Media. Stay tuned!", "created_at": "Wed Jan 03 01:05:10 +0000 2018", "retweet_count": 52415, "in_reply_to_user_id_str": null, "favorite_count": 198339, "is_retweet": false}, {"source": "Twitter for iPhone", "id_str": "948355557022420992", "text": "North Korean Leader Kim Jong Un just stated that the \u201cNuclear Button is on his desk at all times.\u201d Will someone from his depleted and food starved regime please inform him that I too have a Nuclear Button, but it is a much bigger &amp; more powerful one than his, and my Button works!", "created_at": "Wed Jan 03 00:49:19 +0000 2018", "retweet_count": 194474, "in_reply_to_user_id_str": null, "favorite_count": 500909, "is_retweet": false}, {"source": "Twitter Web Client", "id_str": "948322497602220032", "text": "...peace treaty with Israel. We have taken Jerusalem, the toughest part of the negotiation, off the table, but Israel, for that, would have had to pay more. But with the Palestinians no longer willing to talk peace, why should we make any of these massive future payments to them?", "created_at": "Tue Jan 02 22:37:57 +0000 2018", "retweet_count": 20135, "in_reply_to_user_id_str": "25073877", "favorite_count": 93944, "is_retweet": false}, {"source": "Twitter Web Client", "id_str": "948322496591384576", "text": "It's not only Pakistan that we pay billions of dollars to for nothing, but also many other countries, and others. As an example, we pay the Palestinians HUNDRED OF MILLIONS OF DOLLARS a year and get no appreciation or respect. They don\u2019t even want to negotiate a long overdue...", "created_at": "Tue Jan 02 22:37:56 +0000 2018", "retweet_count": 29421, "in_reply_to_user_id_str": null, "favorite_count": 118318, "is_retweet": false}, {"source": "Twitter for iPhone", "id_str": "948318907848413184", "text": "Congratulations to Senator Orrin Hatch on an absolutely incredible career. He has been a tremendous supporter, and I will never forget the (beyond kind) statements he has made about me as President. He is my friend and he will be greatly missed in the U.S. Senate! https://t.co/0VjzLEeHTl", "created_at": "Tue Jan 02 22:23:41 +0000 2018", "retweet_count": 12492, "in_reply_to_user_id_str": null, "favorite_count": 63248, "is_retweet": false}, {"source": "Twitter for iPhone", "id_str": "948255367393349634", "text": "We will not rest until all of America\u2019s GREAT VETERANS can receive the care they so richly deserve. Tremendous progress has been made in a short period of time. Keep up the great work @SecShulkin @DeptVetAffairs! https://t.co/ir25vW15hx https://t.co/OtuzIgxMn6", "created_at": "Tue Jan 02 18:11:11 +0000 2018", "retweet_count": 16435, "in_reply_to_user_id_str": null, "favorite_count": 70605, "is_retweet": false}, {"source": "Twitter for iPhone", "id_str": "948211438472089600", "text": "Democrats are doing nothing for DACA - just interested in politics.  DACA activists and Hispanics will go hard against Dems, will start \u201cfalling in love\u201d with Republicans and their President! We are about RESULTS.", "created_at": "Tue Jan 02 15:16:38 +0000 2018", "retweet_count": 18806, "in_reply_to_user_id_str": null, "favorite_count": 87868, "is_retweet": false}, {"source": "Twitter for iPhone", "id_str": "948205689683562496", "text": "....impartial journalists of a much higher standard, lose all of your phony and non-existent \u201csources,\u201d and treat the President of the United States FAIRLY, so that the next time I (and the people) win, you won\u2019t have to write an apology to your readers for a job poorly done! GL", "created_at": "Tue Jan 02 14:53:47 +0000 2018", "retweet_count": 16725, "in_reply_to_user_id_str": null, "favorite_count": 77859, "is_retweet": false}, {"source": "Twitter for iPhone", "id_str": "948202173049049088", "text": "The Failing New York Times has a new publisher, A.G. Sulzberger. Congratulations! Here is a last chance for the Times to fulfill the vision of its Founder, Adolph Ochs, \u201cto give the news impartially, without fear or FAVOR, regardless of party, sect, or interests involved.\u201d Get...", "created_at": "Tue Jan 02 14:39:49 +0000 2018", "retweet_count": 18182, "in_reply_to_user_id_str": null, "favorite_count": 79610, "is_retweet": false}, {"source": "Twitter for iPhone", "id_str": "948195478428102657", "text": "Since taking office I have been very strict on Commercial Aviation. Good news - it was just reported that there were Zero deaths in 2017, the best and safest year on record!", "created_at": "Tue Jan 02 14:13:13 +0000 2018", "retweet_count": 16618, "in_reply_to_user_id_str": null, "favorite_count": 89109, "is_retweet": false}, {"source": "Twitter for iPhone", "id_str": "948194400114487296", "text": "Sanctions and \u201cother\u201d pressures are beginning to have a big impact on North Korea. Soldiers are dangerously fleeing to South Korea. Rocket man now wants to talk to South Korea for first time. Perhaps that is good news, perhaps not - we will see!", "created_at": "Tue Jan 02 14:08:56 +0000 2018", "retweet_count": 17564, "in_reply_to_user_id_str": null, "favorite_count": 78117, "is_retweet": false}, {"source": "Twitter for iPhone", "id_str": "948189482284707840", "text": "Companies are giving big bonuses to their workers because of the Tax Cut Bill. Really great!", "created_at": "Tue Jan 02 13:49:23 +0000 2018", "retweet_count": 15755, "in_reply_to_user_id_str": null, "favorite_count": 87238, "is_retweet": false}, {"source": "Twitter for iPhone", "id_str": "948188264858603520", "text": "Thank you to Brandon Judd of the National Border Patrol Council for your kind words on how well we are doing at the Border. We will be bringing in more &amp; more of your great folks and will build the desperately needed WALL! @foxandfriends", "created_at": "Tue Jan 02 13:44:33 +0000 2018", "retweet_count": 14584, "in_reply_to_user_id_str": null, "favorite_count": 69718, "is_retweet": false}, {"source": "Twitter for iPhone", "id_str": "948174033882927104", "text": "Crooked Hillary Clinton\u2019s top aid, Huma Abedin, has been accused of disregarding basic security protocols. She put Classified Passwords into the hands of foreign agents. Remember sailors pictures on submarine? Jail! Deep State Justice Dept must finally act? Also on Comey &amp; others", "created_at": "Tue Jan 02 12:48:00 +0000 2018", "retweet_count": 37870, "in_reply_to_user_id_str": null, "favorite_count": 131416, "is_retweet": false}, {"source": "Twitter for iPhone", "id_str": "948164289591902208", "text": "The people of Iran are finally acting against the brutal and corrupt Iranian regime. All of the money that President Obama so foolishly gave them went into terrorism and into their \u201cpockets.\u201d The people have little food, big inflation and no human rights. The U.S. is watching!", "created_at": "Tue Jan 02 12:09:17 +0000 2018", "retweet_count": 28514, "in_reply_to_user_id_str": null, "favorite_count": 106469, "is_retweet": false}, {"source": "Twitter for iPhone", "id_str": "947824196909961216", "text": "Will be leaving Florida for Washington (D.C.) today at 4:00 P.M. Much work to be done, but it will be a great New Year!", "created_at": "Mon Jan 01 13:37:52 +0000 2018", "retweet_count": 17123, "in_reply_to_user_id_str": null, "favorite_count": 115335, "is_retweet": false}, {"source": "Twitter for iPhone", "id_str": "947810806430826496", "text": "Iran is failing at every level despite the terrible deal made with them by the Obama Administration. The great Iranian people have been repressed for many years. They are hungry for food &amp; for freedom. Along with human rights, the wealth of Iran is being looted. TIME FOR CHANGE!", "created_at": "Mon Jan 01 12:44:40 +0000 2018", "retweet_count": 29285, "in_reply_to_user_id_str": "25073877", "favorite_count": 111942, "is_retweet": false}, {"source": "Twitter for iPhone", "id_str": "947802588174577664", "text": "The United States has foolishly given Pakistan more than 33 billion dollars in aid over the last 15 years, and they have given us nothing but lies &amp; deceit, thinking of our leaders as fools. They give safe haven to the terrorists we hunt in Afghanistan, with little help. No more!", "created_at": "Mon Jan 01 12:12:00 +0000 2018", "retweet_count": 101856, "in_reply_to_user_id_str": null, "favorite_count": 306232, "is_retweet": false}]