[{"source": "Twitter for iPhone", "id_str": "949619270631256064", "text": "....to President of the United States (on my first try). I think that would qualify as not smart, but genius....and a very stable genius at that!", "created_at": "Sat Jan 06 12:30:51 +0000 2018", "retweet_count": 30649, "in_reply_to_user_id_str": null, "favorite_count": 122888, "is_retweet": false}, {"source": "Twitter for iPhone", "id_str": "949618475877765120", "text": "....Actually, throughout my life, my two greatest assets have been mental stability and being, like, really smart. Crooked Hillary Clinton also played these cards very hard and, as everyone knows, went down in flames. I went from VERY successful businessman, to top T.V. Star.....", "created_at": "Sat Jan 06 12:27:42 +0000 2018", "retweet_count": 33069, "in_reply_to_user_id_str": null, "favorite_count": 116897, "is_retweet": false}, {"source": "Twitter for iPhone", "id_str": "949616329463615489", "text": "Now that Russian collusion, after one year of intense study, has proven to be a total hoax on the American public, the Democrats and their lapdogs, the Fake News Mainstream Media, are taking out the old Ronald Reagan playbook and screaming mental stability and intelligence.....", "created_at": "Sat Jan 06 12:19:10 +0000 2018", "retweet_count": 31059, "in_reply_to_user_id_str": null, "favorite_count": 127703, "is_retweet": false}, {"source": "Twitter for iPhone", "id_str": "949610896241946626", "text": "Brian Ross, the reporter who made a fraudulent live newscast about me that drove the Stock Market down 350 points (billions of dollars), was suspended for a month but is now back at ABC NEWS in a lower capacity. He is no longer allowed to report on Trump. Should have been fired!", "created_at": "Sat Jan 06 11:57:35 +0000 2018", "retweet_count": 20762, "in_reply_to_user_id_str": null, "favorite_count": 103107, "is_retweet": false}, {"source": "Twitter for iPhone", "id_str": "949608746497576960", "text": "The African American unemployment rate fell to 6.8%, the lowest rate in 45 years. I am so happy about this News! And, in the Washington Post (of all places), headline states, \u201cTrumps first year jobs numbers were very, very good.\u201d", "created_at": "Sat Jan 06 11:49:02 +0000 2018", "retweet_count": 28772, "in_reply_to_user_id_str": null, "favorite_count": 124204, "is_retweet": false}, {"source": "Twitter for iPhone", "id_str": "949498795074736129", "text": "Michael Wolff is a total loser who made up stories in order to sell this really boring and untruthful book. He used Sloppy Steve Bannon, who cried when he got fired and begged for his job. Now Sloppy Steve has been dumped like a dog by almost everyone. Too bad! https://t.co/mEeUhk5ZV9", "created_at": "Sat Jan 06 04:32:08 +0000 2018", "retweet_count": 22235, "in_reply_to_user_id_str": null, "favorite_count": 80309, "is_retweet": false}, {"source": "Twitter for iPhone", "id_str": "949495534003412992", "text": "Good idea Rand! https://t.co/55sqUDiC0s", "created_at": "Sat Jan 06 04:19:10 +0000 2018", "retweet_count": 27386, "in_reply_to_user_id_str": null, "favorite_count": 109354, "is_retweet": false}, {"source": "Twitter for iPhone", "id_str": "949303089416294401", "text": "The Mercer Family recently dumped the leaker known as Sloppy Steve Bannon. Smart!", "created_at": "Fri Jan 05 15:34:28 +0000 2018", "retweet_count": 15354, "in_reply_to_user_id_str": null, "favorite_count": 74626, "is_retweet": false}, {"source": "Twitter for iPhone", "id_str": "949287555660500992", "text": "Well, now that collusion with Russia is proving to be a total hoax and the only collusion is with Hillary Clinton and the FBI/Russia, the Fake News Media (Mainstream) and this phony new book are hitting out at every new front imaginable. They should try winning an election. Sad!", "created_at": "Fri Jan 05 14:32:44 +0000 2018", "retweet_count": 31700, "in_reply_to_user_id_str": null, "favorite_count": 139558, "is_retweet": false}, {"source": "Twitter for iPhone", "id_str": "949242950659313669", "text": "Dow goes from 18,589 on November 9, 2016, to 25,075 today, for a new all-time Record. Jumped 1000 points in last 5 weeks, Record fastest 1000 point move in history. This is all about the Make America Great Again agenda! Jobs, Jobs, Jobs. Six trillion dollars in value created!", "created_at": "Fri Jan 05 11:35:30 +0000 2018", "retweet_count": 26174, "in_reply_to_user_id_str": null, "favorite_count": 117070, "is_retweet": false}, {"source": "Twitter for iPhone", "id_str": "949129410208202757", "text": "The Fake News Media barely mentions the fact that the Stock Market just hit another New Record and that business in the U.S. is booming...but the people know! Can you imagine if \u201cO\u201d was president and had these numbers - would be biggest story on earth! Dow now over 25,000.", "created_at": "Fri Jan 05 04:04:20 +0000 2018", "retweet_count": 27430, "in_reply_to_user_id_str": null, "favorite_count": 123919, "is_retweet": false}, {"source": "Twitter for iPhone", "id_str": "949126530839572481", "text": "I authorized Zero access to White House (actually turned him down many times) for author of phony book! I never spoke to him for book. Full of lies, misrepresentations and sources that don\u2019t exist. Look at this guy\u2019s past and watch what happens to him and Sloppy Steve!", "created_at": "Fri Jan 05 03:52:53 +0000 2018", "retweet_count": 23434, "in_reply_to_user_id_str": null, "favorite_count": 96801, "is_retweet": false}, {"source": "Twitter for iPhone", "id_str": "949070800417640454", "text": "MAKING AMERICA GREAT AGAIN! https://t.co/iONbr1DkVk", "created_at": "Fri Jan 05 00:11:26 +0000 2018", "retweet_count": 21441, "in_reply_to_user_id_str": null, "favorite_count": 89002, "is_retweet": false}, {"source": "Twitter for iPhone", "id_str": "949066181381632001", "text": "Thank you to the great Republican Senators who showed up to our mtg on immigration reform. We must BUILD THE WALL, stop illegal immigration, end chain migration &amp; cancel the visa lottery. The current system is unsafe &amp; unfair to the great people of our country - time for change!", "created_at": "Thu Jan 04 23:53:05 +0000 2018", "retweet_count": 29494, "in_reply_to_user_id_str": null, "favorite_count": 131455, "is_retweet": false}, {"source": "Twitter for iPhone", "id_str": "948944124132167680", "text": "Dow just crashes through 25,000. Congrats! Big cuts in unnecessary regulations continuing.", "created_at": "Thu Jan 04 15:48:04 +0000 2018", "retweet_count": 23210, "in_reply_to_user_id_str": null, "favorite_count": 114950, "is_retweet": false}, {"source": "Twitter for iPhone", "id_str": "948881133340708864", "text": "So beautiful....Show this picture to the NFL players who still kneel! https://t.co/tJLM1tvbvb", "created_at": "Thu Jan 04 11:37:46 +0000 2018", "retweet_count": 31947, "in_reply_to_user_id_str": null, "favorite_count": 113781, "is_retweet": false}, {"source": "Twitter for iPhone", "id_str": "948879774277128197", "text": "With all of the failed \u201cexperts\u201d weighing in, does anybody really believe that talks and dialogue would be going on between North and South Korea right now if I wasn\u2019t firm, strong and willing to commit our total \u201cmight\u201d against the North. Fools, but talks are a good thing!", "created_at": "Thu Jan 04 11:32:22 +0000 2018", "retweet_count": 19526, "in_reply_to_user_id_str": null, "favorite_count": 91233, "is_retweet": false}, {"source": "Twitter for iPhone", "id_str": "948874586006925313", "text": "As Americans, you need identification, sometimes in a very strong and accurate form, for almost everything you do.....except when it comes to the most important thing, VOTING for the people that run your country. Push hard for Voter Identification!", "created_at": "Thu Jan 04 11:11:45 +0000 2018", "retweet_count": 39005, "in_reply_to_user_id_str": null, "favorite_count": 150193, "is_retweet": false}, {"source": "Twitter for iPhone", "id_str": "948872192284155904", "text": "Many mostly Democrat States refused to hand over data from the 2016 Election to the Commission On Voter Fraud. They fought hard that the Commission not see their records or methods because they know that many people are voting illegally. System is rigged, must go to Voter I.D.", "created_at": "Thu Jan 04 11:02:14 +0000 2018", "retweet_count": 30068, "in_reply_to_user_id_str": null, "favorite_count": 107888, "is_retweet": false}, {"source": "Twitter for iPhone", "id_str": "948739073237311488", "text": "MAKE AMERICA GREAT AGAIN!", "created_at": "Thu Jan 04 02:13:16 +0000 2018", "retweet_count": 37606, "in_reply_to_user_id_str": null, "favorite_count": 157688, "is_retweet": false}, {"source": "Twitter for iPhone", "id_str": "948738634722742273", "text": "Stock Market had another good day but, now that the Tax Cut Bill has passed, we have tremendous upward potential. Dow just short of 25,000, a number that few thought would be possible this soon into my administration. Also, unemployment went down to 4.1%. Only getting better!", "created_at": "Thu Jan 04 02:11:31 +0000 2018", "retweet_count": 19596, "in_reply_to_user_id_str": null, "favorite_count": 103837, "is_retweet": false}, {"source": "Twitter for iPhone", "id_str": "948737652119031808", "text": "\u201cSome 40 U.S. companies have responded to President Trump\u2019s tax cut and reform victory in Congress last year by handing out bonuses up to $2,000, increases in 401k matches and spending on charity, a much higher number than previously known.\u201d https://t.co/bmWrwWzxMR", "created_at": "Thu Jan 04 02:07:37 +0000 2018", "retweet_count": 16342, "in_reply_to_user_id_str": null, "favorite_count": 65780, "is_retweet": false}, {"source": "Twitter for iPhone", "id_str": "948722170531893248", "text": "Melania and I are deeply saddened by the death of Thomas S. Monson, a beloved President of the Church of Jesus Christ of Latter-day Saints...\nhttps://t.co/ETD3fWtfU3", "created_at": "Thu Jan 04 01:06:06 +0000 2018", "retweet_count": 12406, "in_reply_to_user_id_str": null, "favorite_count": 57606, "is_retweet": false}, {"source": "Twitter for iPhone", "id_str": "948548807612084224", "text": "Such respect for the people of Iran as they try to take back their corrupt government. You will see great support from the United States at the appropriate time!", "created_at": "Wed Jan 03 13:37:13 +0000 2018", "retweet_count": 30458, "in_reply_to_user_id_str": null, "favorite_count": 146390, "is_retweet": false}, {"source": "Twitter for iPhone", "id_str": "948404303072460800", "text": "\u201cPresident Trump has something now he didn\u2019t have a year ago, that is a set of accomplishments that nobody can deny. The accomplishments are there, look at his record, he has had a very significant first year.\u201d @LouDobbs Show,David Asman &amp; Ed Rollins", "created_at": "Wed Jan 03 04:03:01 +0000 2018", "retweet_count": 20955, "in_reply_to_user_id_str": null, "favorite_count": 96807, "is_retweet": false}, {"source": "Twitter for iPhone", "id_str": "948362512315056129", "text": "Watch @seanhannity tonight at 9:00 P.M.", "created_at": "Wed Jan 03 01:16:57 +0000 2018", "retweet_count": 7073, "in_reply_to_user_id_str": null, "favorite_count": 28606, "is_retweet": false}, {"source": "Twitter for iPhone", "id_str": "948359545767841792", "text": "I will be announcing THE MOST DISHONEST &amp; CORRUPT MEDIA AWARDS OF THE YEAR on Monday at 5:00 o\u2019clock. Subjects will cover Dishonesty &amp; Bad Reporting in various categories from the Fake News Media. Stay tuned!", "created_at": "Wed Jan 03 01:05:10 +0000 2018", "retweet_count": 52138, "in_reply_to_user_id_str": null, "favorite_count": 196050, "is_retweet": false}, {"source": "Twitter for iPhone", "id_str": "948355557022420992", "text": "North Korean Leader Kim Jong Un just stated that the \u201cNuclear Button is on his desk at all times.\u201d Will someone from his depleted and food starved regime please inform him that I too have a Nuclear Button, but it is a much bigger &amp; more powerful one than his, and my Button works!", "created_at": "Wed Jan 03 00:49:19 +0000 2018", "retweet_count": 193089, "in_reply_to_user_id_str": null, "favorite_count": 494072, "is_retweet": false}, {"source": "Twitter Web Client", "id_str": "948322497602220032", "text": "...peace treaty with Israel. We have taken Jerusalem, the toughest part of the negotiation, off the table, but Israel, for that, would have had to pay more. But with the Palestinians no longer willing to talk peace, why should we make any of these massive future payments to them?", "created_at": "Tue Jan 02 22:37:57 +0000 2018", "retweet_count": 19891, "in_reply_to_user_id_str": "25073877", "favorite_count": 91961, "is_retweet": false}, {"source": "Twitter Web Client", "id_str": "948322496591384576", "text": "It's not only Pakistan that we pay billions of dollars to for nothing, but also many other countries, and others. As an example, we pay the Palestinians HUNDRED OF MILLIONS OF DOLLARS a year and get no appreciation or respect. They don\u2019t even want to negotiate a long overdue...", "created_at": "Tue Jan 02 22:37:56 +0000 2018", "retweet_count": 29076, "in_reply_to_user_id_str": null, "favorite_count": 116136, "is_retweet": false}, {"source": "Twitter for iPhone", "id_str": "948318907848413184", "text": "Congratulations to Senator Orrin Hatch on an absolutely incredible career. He has been a tremendous supporter, and I will never forget the (beyond kind) statements he has made about me as President. He is my friend and he will be greatly missed in the U.S. Senate! https://t.co/0VjzLEeHTl", "created_at": "Tue Jan 02 22:23:41 +0000 2018", "retweet_count": 12346, "in_reply_to_user_id_str": null, "favorite_count": 62137, "is_retweet": false}, {"source": "Twitter for iPhone", "id_str": "948255367393349634", "text": "We will not rest until all of America\u2019s GREAT VETERANS can receive the care they so richly deserve. Tremendous progress has been made in a short period of time. Keep up the great work @SecShulkin @DeptVetAffairs! https://t.co/ir25vW15hx https://t.co/OtuzIgxMn6", "created_at": "Tue Jan 02 18:11:11 +0000 2018", "retweet_count": 16220, "in_reply_to_user_id_str": null, "favorite_count": 69404, "is_retweet": false}, {"source": "Twitter for iPhone", "id_str": "948211438472089600", "text": "Democrats are doing nothing for DACA - just interested in politics.  DACA activists and Hispanics will go hard against Dems, will start \u201cfalling in love\u201d with Republicans and their President! We are about RESULTS.", "created_at": "Tue Jan 02 15:16:38 +0000 2018", "retweet_count": 18620, "in_reply_to_user_id_str": null, "favorite_count": 86562, "is_retweet": false}, {"source": "Twitter for iPhone", "id_str": "948205689683562496", "text": "....impartial journalists of a much higher standard, lose all of your phony and non-existent \u201csources,\u201d and treat the President of the United States FAIRLY, so that the next time I (and the people) win, you won\u2019t have to write an apology to your readers for a job poorly done! GL", "created_at": "Tue Jan 02 14:53:47 +0000 2018", "retweet_count": 16632, "in_reply_to_user_id_str": null, "favorite_count": 76759, "is_retweet": false}, {"source": "Twitter for iPhone", "id_str": "948202173049049088", "text": "The Failing New York Times has a new publisher, A.G. Sulzberger. Congratulations! Here is a last chance for the Times to fulfill the vision of its Founder, Adolph Ochs, \u201cto give the news impartially, without fear or FAVOR, regardless of party, sect, or interests involved.\u201d Get...", "created_at": "Tue Jan 02 14:39:49 +0000 2018", "retweet_count": 18073, "in_reply_to_user_id_str": null, "favorite_count": 78516, "is_retweet": false}, {"source": "Twitter for iPhone", "id_str": "948195478428102657", "text": "Since taking office I have been very strict on Commercial Aviation. Good news - it was just reported that there were Zero deaths in 2017, the best and safest year on record!", "created_at": "Tue Jan 02 14:13:13 +0000 2018", "retweet_count": 16532, "in_reply_to_user_id_str": null, "favorite_count": 88057, "is_retweet": false}, {"source": "Twitter for iPhone", "id_str": "948194400114487296", "text": "Sanctions and \u201cother\u201d pressures are beginning to have a big impact on North Korea. Soldiers are dangerously fleeing to South Korea. Rocket man now wants to talk to South Korea for first time. Perhaps that is good news, perhaps not - we will see!", "created_at": "Tue Jan 02 14:08:56 +0000 2018", "retweet_count": 17467, "in_reply_to_user_id_str": null, "favorite_count": 77094, "is_retweet": false}, {"source": "Twitter for iPhone", "id_str": "948189482284707840", "text": "Companies are giving big bonuses to their workers because of the Tax Cut Bill. Really great!", "created_at": "Tue Jan 02 13:49:23 +0000 2018", "retweet_count": 15657, "in_reply_to_user_id_str": null, "favorite_count": 86253, "is_retweet": false}, {"source": "Twitter for iPhone", "id_str": "948188264858603520", "text": "Thank you to Brandon Judd of the National Border Patrol Council for your kind words on how well we are doing at the Border. We will be bringing in more &amp; more of your great folks and will build the desperately needed WALL! @foxandfriends", "created_at": "Tue Jan 02 13:44:33 +0000 2018", "retweet_count": 14490, "in_reply_to_user_id_str": null, "favorite_count": 68807, "is_retweet": false}, {"source": "Twitter for iPhone", "id_str": "948174033882927104", "text": "Crooked Hillary Clinton\u2019s top aid, Huma Abedin, has been accused of disregarding basic security protocols. She put Classified Passwords into the hands of foreign agents. Remember sailors pictures on submarine? Jail! Deep State Justice Dept must finally act? Also on Comey &amp; others", "created_at": "Tue Jan 02 12:48:00 +0000 2018", "retweet_count": 37406, "in_reply_to_user_id_str": null, "favorite_count": 129792, "is_retweet": false}, {"source": "Twitter for iPhone", "id_str": "948164289591902208", "text": "The people of Iran are finally acting against the brutal and corrupt Iranian regime. All of the money that President Obama so foolishly gave them went into terrorism and into their \u201cpockets.\u201d The people have little food, big inflation and no human rights. The U.S. is watching!", "created_at": "Tue Jan 02 12:09:17 +0000 2018", "retweet_count": 28382, "in_reply_to_user_id_str": null, "favorite_count": 105225, "is_retweet": false}, {"source": "Twitter for iPhone", "id_str": "947824196909961216", "text": "Will be leaving Florida for Washington (D.C.) today at 4:00 P.M. Much work to be done, but it will be a great New Year!", "created_at": "Mon Jan 01 13:37:52 +0000 2018", "retweet_count": 17081, "in_reply_to_user_id_str": null, "favorite_count": 114681, "is_retweet": false}, {"source": "Twitter for iPhone", "id_str": "947810806430826496", "text": "Iran is failing at every level despite the terrible deal made with them by the Obama Administration. The great Iranian people have been repressed for many years. They are hungry for food &amp; for freedom. Along with human rights, the wealth of Iran is being looted. TIME FOR CHANGE!", "created_at": "Mon Jan 01 12:44:40 +0000 2018", "retweet_count": 29216, "in_reply_to_user_id_str": "25073877", "favorite_count": 110961, "is_retweet": false}, {"source": "Twitter for iPhone", "id_str": "947802588174577664", "text": "The United States has foolishly given Pakistan more than 33 billion dollars in aid over the last 15 years, and they have given us nothing but lies &amp; deceit, thinking of our leaders as fools. They give safe haven to the terrorists we hunt in Afghanistan, with little help. No more!", "created_at": "Mon Jan 01 12:12:00 +0000 2018", "retweet_count": 101121, "in_reply_to_user_id_str": null, "favorite_count": 303419, "is_retweet": false}]