[{"source": "Twitter for iPhone", "id_str": "947824196909961216", "text": "Will be leaving Florida for Washington (D.C.) today at 4:00 P.M. Much work to be done, but it will be a great New Year!", "created_at": "Mon Jan 01 13:37:52 +0000 2018", "retweet_count": 13168, "in_reply_to_user_id_str": null, "favorite_count": 83392, "is_retweet": false}, {"source": "Twitter for iPhone", "id_str": "947810806430826496", "text": "Iran is failing at every level despite the terrible deal made with them by the Obama Administration. The great Iranian people have been repressed for many years. They are hungry for food &amp; for freedom. Along with human rights, the wealth of Iran is being looted. TIME FOR CHANGE!", "created_at": "Mon Jan 01 12:44:40 +0000 2018", "retweet_count": 21643, "in_reply_to_user_id_str": "25073877", "favorite_count": 79675, "is_retweet": false}, {"source": "Twitter for iPhone", "id_str": "947802588174577664", "text": "The United States has foolishly given Pakistan more than 33 billion dollars in aid over the last 15 years, and they have given us nothing but lies &amp; deceit, thinking of our leaders as fools. They give safe haven to the terrorists we hunt in Afghanistan, with little help. No more!", "created_at": "Mon Jan 01 12:12:00 +0000 2018", "retweet_count": 70186, "in_reply_to_user_id_str": null, "favorite_count": 206869, "is_retweet": false}]