[{"source": "Twitter for iPhone", "id_str": "961253168968622086", "text": "In the \u201cold days,\u201d when good news was reported, the Stock Market would go up. Today, when good news is reported, the Stock Market goes down. Big mistake, and we have so much good (great) news about the economy!", "created_at": "Wed Feb 07 14:59:49 +0000 2018", "retweet_count": 6228, "in_reply_to_user_id_str": null, "favorite_count": 27296, "is_retweet": false}, {"source": "Twitter for iPhone", "id_str": "961073467784421382", "text": "Congratulations @ElonMusk and @SpaceX on the successful #FalconHeavy launch. This achievement, along with @NASA\u2019s commercial and international partners, continues to show American ingenuity at its best! https://t.co/eZfLSpyJPK", "created_at": "Wed Feb 07 03:05:45 +0000 2018", "retweet_count": 22709, "in_reply_to_user_id_str": null, "favorite_count": 118071, "is_retweet": false}, {"source": "Twitter for iPhone", "id_str": "961038807658352640", "text": "HAPPY BIRTHDAY to our 40th President of the United States of America, Ronald Reagan! https://t.co/JtEglBhm4c", "created_at": "Wed Feb 07 00:48:01 +0000 2018", "retweet_count": 25582, "in_reply_to_user_id_str": null, "favorite_count": 135244, "is_retweet": false}, {"source": "Media Studio", "id_str": "961008057756127232", "text": "Today, we heard the experiences of law enforcement professionals and community leaders working to combat the threat of MS-13, and the reforms we need from Congress to defeat it. Watch here: https://t.co/VPMTnko7Ik https://t.co/4OaXXuj9Va", "created_at": "Tue Feb 06 22:45:50 +0000 2018", "retweet_count": 15336, "in_reply_to_user_id_str": null, "favorite_count": 60169, "is_retweet": false}, {"source": "Twitter for iPhone", "id_str": "960907362109452288", "text": "We need a 21st century MERIT-BASED immigration system.  Chain migration and the visa lottery are outdated programs that hurt our economic and national security. https://t.co/rP9Gtr2E5N", "created_at": "Tue Feb 06 16:05:42 +0000 2018", "retweet_count": 22956, "in_reply_to_user_id_str": null, "favorite_count": 80263, "is_retweet": false}, {"source": "Twitter for iPhone", "id_str": "960906105982464000", "text": "Polling shows nearly 7 in 10 Americans support an immigration reform package that includes DACA, fully secures the border, ends chain migration &amp; cancels the visa lottery. If D\u2019s oppose this deal, they aren\u2019t serious about DACA-they just want open borders. https://t.co/XDMcDOr9vM", "created_at": "Tue Feb 06 16:00:43 +0000 2018", "retweet_count": 21319, "in_reply_to_user_id_str": null, "favorite_count": 77838, "is_retweet": false}, {"source": "Twitter for iPhone", "id_str": "960869939694505984", "text": "My prayers and best wishes are with the family of Edwin Jackson, a wonderful young man whose life was so senselessly taken. @Colts", "created_at": "Tue Feb 06 13:37:00 +0000 2018", "retweet_count": 19539, "in_reply_to_user_id_str": null, "favorite_count": 94516, "is_retweet": false}, {"source": "Twitter for iPhone", "id_str": "960868920428253184", "text": "So disgraceful that a person illegally in our country killed @Colts linebacker Edwin Jackson. This is just one of many such preventable tragedies. We must get the Dems to get tough on the Border, and with illegal immigration, FAST!", "created_at": "Tue Feb 06 13:32:57 +0000 2018", "retweet_count": 33537, "in_reply_to_user_id_str": null, "favorite_count": 128708, "is_retweet": false}, {"source": "Twitter for iPhone", "id_str": "960614513224667136", "text": "Thanks to the historic TAX CUTS that I signed into law, your paychecks are going way UP, your taxes are going way DOWN, and America is once again OPEN FOR BUSINESS! https://t.co/GISFbDDGXX", "created_at": "Mon Feb 05 20:42:01 +0000 2018", "retweet_count": 21920, "in_reply_to_user_id_str": null, "favorite_count": 99145, "is_retweet": false}, {"source": "Twitter for iPhone", "id_str": "960530665702912000", "text": "Representative Devin Nunes, a man of tremendous courage and grit, may someday be recognized as a Great American Hero for what he has exposed and what he has had to endure!", "created_at": "Mon Feb 05 15:08:51 +0000 2018", "retweet_count": 34936, "in_reply_to_user_id_str": null, "favorite_count": 128404, "is_retweet": false}, {"source": "Twitter for iPhone", "id_str": "960522569492426753", "text": "Any deal on DACA that does not include STRONG border security and the desperately needed WALL is a total waste of time. March 5th is rapidly approaching and the Dems seem not to care about DACA. Make a deal!", "created_at": "Mon Feb 05 14:36:40 +0000 2018", "retweet_count": 29301, "in_reply_to_user_id_str": null, "favorite_count": 117288, "is_retweet": false}, {"source": "Twitter for iPhone", "id_str": "960492998734868480", "text": "Little Adam Schiff, who is desperate to run for higher office, is one of the biggest liars and leakers in Washington, right up there with Comey, Warner, Brennan and Clapper! Adam leaves closed committee hearings to illegally leak confidential information. Must be stopped!", "created_at": "Mon Feb 05 12:39:10 +0000 2018", "retweet_count": 42277, "in_reply_to_user_id_str": null, "favorite_count": 137073, "is_retweet": false}, {"source": "Twitter for iPhone", "id_str": "960487657691385856", "text": "Thank you to @foxandfriends for exposing the truth. Perhaps that\u2019s why your ratings are soooo much better than your untruthful competition!", "created_at": "Mon Feb 05 12:17:57 +0000 2018", "retweet_count": 22264, "in_reply_to_user_id_str": null, "favorite_count": 103089, "is_retweet": false}, {"source": "Twitter for iPhone", "id_str": "960486144818450432", "text": "The Democrats are pushing for Universal HealthCare while thousands of people are marching in the UK because their U system is going broke and not working. Dems want to greatly raise taxes for really bad and non-personal medical care. No thanks!", "created_at": "Mon Feb 05 12:11:56 +0000 2018", "retweet_count": 29988, "in_reply_to_user_id_str": null, "favorite_count": 115665, "is_retweet": false}, {"source": "Twitter for iPhone", "id_str": "960361010904338432", "text": "Congratulations to the Philadelphia Eagles on a great Super Bowl victory!", "created_at": "Mon Feb 05 03:54:42 +0000 2018", "retweet_count": 36214, "in_reply_to_user_id_str": null, "favorite_count": 208216, "is_retweet": false}, {"source": "Twitter for iPhone", "id_str": "960195808141414400", "text": "My thoughts and prayers are with all of the victims involved in this mornings train collision in South Carolina. Thank you to our incredible First Responders for the work they\u2019ve done!", "created_at": "Sun Feb 04 16:58:14 +0000 2018", "retweet_count": 23010, "in_reply_to_user_id_str": null, "favorite_count": 138904, "is_retweet": false}, {"source": "Twitter for iPhone", "id_str": "959952974826098688", "text": "...a tool of anti-Trump political actors. This is unacceptable in a democracy and ought to alarm anyone who wants the FBI to be a nonpartisan enforcer of the law....The FBI wasn\u2019t straight with Congress, as it hid most of these facts from investigators.\u201d Wall Street Journal", "created_at": "Sun Feb 04 00:53:18 +0000 2018", "retweet_count": 35717, "in_reply_to_user_id_str": null, "favorite_count": 128587, "is_retweet": false}, {"source": "Twitter for iPhone", "id_str": "959949725028974592", "text": "\u201cThe four page memo released Friday reports the disturbing fact about how the FBI and FISA appear to have been used to influence the 2016 election and its aftermath....The FBI failed to inform the FISA court that the Clinton campaign had funded the dossier....the FBI became....", "created_at": "Sun Feb 04 00:40:24 +0000 2018", "retweet_count": 36790, "in_reply_to_user_id_str": null, "favorite_count": 128431, "is_retweet": false}, {"source": "Twitter for iPhone", "id_str": "959946200488271872", "text": "Great jobs numbers and finally, after many years, rising wages- and nobody even talks about them. Only Russia, Russia, Russia, despite the fact that, after a year of looking, there is No Collusion!", "created_at": "Sun Feb 04 00:26:23 +0000 2018", "retweet_count": 30068, "in_reply_to_user_id_str": null, "favorite_count": 133730, "is_retweet": false}, {"source": "Twitter for iPhone", "id_str": "959798743842349056", "text": "This memo totally vindicates \u201cTrump\u201d in probe. But the Russian Witch Hunt goes on and on. Their was no Collusion and there was no Obstruction (the word now used because, after one year of looking endlessly and finding NOTHING, collusion is dead). This is an American disgrace!", "created_at": "Sat Feb 03 14:40:27 +0000 2018", "retweet_count": 39157, "in_reply_to_user_id_str": null, "favorite_count": 140187, "is_retweet": false}, {"source": "Twitter for iPhone", "id_str": "959798726381457409", "text": "Rasmussen just announced that my approval rating jumped to 49%, a far better number than I had in winning the Election, and higher than certain \u201csacred cows.\u201d Other Trump polls are way up also. So why does the media refuse to write this? Oh well, someday!", "created_at": "Sat Feb 03 14:40:23 +0000 2018", "retweet_count": 34854, "in_reply_to_user_id_str": null, "favorite_count": 154606, "is_retweet": false}, {"source": "Twitter for iPhone", "id_str": "959784619712401410", "text": "RT @EricTrump: #MakeAmericaGreatAgain \ud83c\uddfa\ud83c\uddf8\ud83c\uddfa\ud83c\uddf8\ud83c\uddfa\ud83c\uddf8 https://t.co/CJts3udtNO", "created_at": "Sat Feb 03 13:44:19 +0000 2018", "retweet_count": 12536, "in_reply_to_user_id_str": null, "favorite_count": 0, "is_retweet": true}, {"source": "Twitter for iPhone", "id_str": "959783486289793024", "text": "RT @EricTrump: \ud83c\uddfa\ud83c\uddf8\ud83c\uddfa\ud83c\uddf8\ud83c\uddfa\ud83c\uddf8 https://t.co/iszxYp036c", "created_at": "Sat Feb 03 13:39:49 +0000 2018", "retweet_count": 12154, "in_reply_to_user_id_str": null, "favorite_count": 0, "is_retweet": true}, {"source": "Twitter for iPad", "id_str": "959553606134345728", "text": "Today, it was my honor to join the great men and women of @DHSgov, @CustomsBorder, @ICEgov and @USCIS at the U.S. Customs and Border Protection National Targeting Center in Sterling, Virginia. Fact sheet: https://t.co/Q027Wgdzdo https://t.co/NecuA0y1Sk", "created_at": "Fri Feb 02 22:26:22 +0000 2018", "retweet_count": 14517, "in_reply_to_user_id_str": null, "favorite_count": 69595, "is_retweet": false}, {"source": "Twitter for iPad", "id_str": "959488369293254658", "text": "\u201cTrump the orator outlines the greatness of America to Democrats\u2019 disgust\u201d https://t.co/XpirrtTY6V", "created_at": "Fri Feb 02 18:07:08 +0000 2018", "retweet_count": 17579, "in_reply_to_user_id_str": null, "favorite_count": 76364, "is_retweet": false}, {"source": "Twitter for iPad", "id_str": "959488037766955009", "text": "With 3.5 million Americans receiving bonuses or other benefits from their employers as a result of TAX CUTS, 2018 is off to great start!\n\u2705Unemployment rate at 4.1%.\n\u2705Average earnings up 2.9% in the last year.\n\u2705200,000 new American jobs.\n\u2705#MAGA\ud83c\uddfa\ud83c\uddf8 https://t.co/upqSvBhRqJ", "created_at": "Fri Feb 02 18:05:49 +0000 2018", "retweet_count": 27452, "in_reply_to_user_id_str": null, "favorite_count": 106692, "is_retweet": false}, {"source": "Twitter for iPhone", "id_str": "959393270144086016", "text": "\u201cYou had Hillary Clinton and the Democratic Party try to hide the fact that they gave money to GPS Fusion to create a Dossier which was used by their allies in the Obama Administration to convince a Court misleadingly, by all accounts, to spy on the Trump Team.\u201d Tom Fitton, JW", "created_at": "Fri Feb 02 11:49:14 +0000 2018", "retweet_count": 52071, "in_reply_to_user_id_str": null, "favorite_count": 160576, "is_retweet": false}, {"source": "Twitter for iPhone", "id_str": "959389424806191104", "text": "The top Leadership and Investigators of the FBI and the Justice Department have politicized the sacred investigative process in favor of Democrats and against Republicans - something which would have been unthinkable just a short time ago. Rank &amp; File are great people!", "created_at": "Fri Feb 02 11:33:58 +0000 2018", "retweet_count": 40445, "in_reply_to_user_id_str": null, "favorite_count": 138405, "is_retweet": false}, {"source": "Twitter for iPhone", "id_str": "959268334935203840", "text": "The Democrats just aren\u2019t calling about DACA. Nancy Pelosi and Chuck Schumer have to get moving fast, or they\u2019ll disappoint you again. We have a great chance to make a deal or, blame the Dems! March 5th is coming up fast.", "created_at": "Fri Feb 02 03:32:48 +0000 2018", "retweet_count": 28816, "in_reply_to_user_id_str": null, "favorite_count": 123333, "is_retweet": false}, {"source": "Twitter for iPhone", "id_str": "959034299222843394", "text": "Thank you for all of the nice compliments and reviews on the State of the Union speech. 45.6 million people watched, the highest number in history. @FoxNews beat every other Network, for the first time ever, with 11.7 million people tuning in. Delivered from the heart!", "created_at": "Thu Feb 01 12:02:49 +0000 2018", "retweet_count": 37371, "in_reply_to_user_id_str": null, "favorite_count": 183941, "is_retweet": false}, {"source": "Twitter for iPhone", "id_str": "959031505145212928", "text": "March 5th is rapidly approaching and the Democrats are doing nothing about DACA. They Resist, Blame, Complain and Obstruct - and do nothing. Start pushing Nancy Pelosi and the Dems to work out a DACA fix, NOW!", "created_at": "Thu Feb 01 11:51:43 +0000 2018", "retweet_count": 29901, "in_reply_to_user_id_str": null, "favorite_count": 122648, "is_retweet": false}, {"source": "Twitter for iPhone", "id_str": "959029384052166657", "text": "Heading to beautiful West Virginia to be with great members of the Republican Party. Will be planning Infrastructure and discussing Immigration and DACA, not easy when we have no support from the Democrats. NOT ONE DEM VOTED FOR OUR TAX CUT BILL! Need more Republicans in \u201818.", "created_at": "Thu Feb 01 11:43:17 +0000 2018", "retweet_count": 28486, "in_reply_to_user_id_str": null, "favorite_count": 137290, "is_retweet": false}, {"source": "Twitter for iPhone", "id_str": "958520216429957121", "text": "Join me live for the #SOTU\nhttps://t.co/0SLktWxfHi", "created_at": "Wed Jan 31 02:00:02 +0000 2018", "retweet_count": 22048, "in_reply_to_user_id_str": null, "favorite_count": 108524, "is_retweet": false}, {"source": "Twitter for iPhone", "id_str": "958070403901124609", "text": "Congratulations to America\u2019s new Secretary of @HHSGov, Alex Azar! https://t.co/Y9inQaCt7o", "created_at": "Mon Jan 29 20:12:39 +0000 2018", "retweet_count": 16397, "in_reply_to_user_id_str": null, "favorite_count": 83730, "is_retweet": false}, {"source": "Twitter for iPhone", "id_str": "957603804383465472", "text": "Our economy is better than it has been in many decades. Businesses are coming back to America like never before. Chrysler, as an example, is leaving Mexico and coming back to the USA. Unemployment is nearing record lows. We are on the right track!", "created_at": "Sun Jan 28 13:18:33 +0000 2018", "retweet_count": 42375, "in_reply_to_user_id_str": null, "favorite_count": 199430, "is_retweet": false}, {"source": "Twitter for iPhone", "id_str": "957603800579297280", "text": "Somebody please inform Jay-Z that because of my policies, Black Unemployment has just been reported to be at the LOWEST RATE EVER RECORDED!", "created_at": "Sun Jan 28 13:18:32 +0000 2018", "retweet_count": 64299, "in_reply_to_user_id_str": null, "favorite_count": 240279, "is_retweet": false}, {"source": "Twitter for iPhone", "id_str": "957465263129219073", "text": "Democrats are not interested in Border Safety &amp; Security or in the funding and rebuilding of our Military. They are only interested in Obstruction!", "created_at": "Sun Jan 28 04:08:02 +0000 2018", "retweet_count": 36010, "in_reply_to_user_id_str": null, "favorite_count": 157205, "is_retweet": false}, {"source": "Twitter for iPhone", "id_str": "957462746060206080", "text": "I have offered DACA a wonderful deal, including a doubling in the number of recipients &amp; a twelve year pathway to citizenship, for two reasons: (1) Because the Republicans want to fix a long time terrible problem. (2) To show that Democrats do not want to solve DACA, only use it!", "created_at": "Sun Jan 28 03:58:02 +0000 2018", "retweet_count": 47090, "in_reply_to_user_id_str": null, "favorite_count": 175548, "is_retweet": false}, {"source": "Twitter for iPhone", "id_str": "957387711693905925", "text": "Taliban targeted innocent Afghans, brave police in Kabul today. Our thoughts and prayers go to the victims, and first responders. We will not allow the Taliban to win!", "created_at": "Sat Jan 27 22:59:52 +0000 2018", "retweet_count": 22154, "in_reply_to_user_id_str": null, "favorite_count": 114039, "is_retweet": false}, {"source": "Twitter for iPhone", "id_str": "957334999522533376", "text": "On Holocaust Remembrance Day we mourn and grieve the murder of 6 million innocent Jewish men, women and children, and the millions of others who perished in the evil Nazi Genocide. We pledge with all of our might and resolve: Never Again! https://t.co/PfHM7UiZ0C https://t.co/25W0SZHTOu", "created_at": "Sat Jan 27 19:30:24 +0000 2018", "retweet_count": 25966, "in_reply_to_user_id_str": null, "favorite_count": 107552, "is_retweet": false}, {"source": "Twitter for iPhone", "id_str": "957220637705109505", "text": "Thank you to Brandon Judd of the National Border Patrol Council for his strong statement on @foxandfriends that we very badly NEED THE WALL. Must also end loophole of \u201ccatch &amp; release\u201d and clean up the legal and other procedures at the border NOW for Safety &amp; Security reasons.", "created_at": "Sat Jan 27 11:55:58 +0000 2018", "retweet_count": 29237, "in_reply_to_user_id_str": null, "favorite_count": 124291, "is_retweet": false}, {"source": "Twitter for iPhone", "id_str": "957032249509097472", "text": "Thank you for the wonderful welcome @WEF! #Davos2018 https://t.co/IQkoQJxR5B", "created_at": "Fri Jan 26 23:27:23 +0000 2018", "retweet_count": 16398, "in_reply_to_user_id_str": null, "favorite_count": 72148, "is_retweet": false}, {"source": "Twitter for iPhone", "id_str": "956938973326098432", "text": "DACA has been made increasingly difficult by the fact that Cryin\u2019 Chuck Schumer took such a beating over the shutdown that he is unable to act on immigration!", "created_at": "Fri Jan 26 17:16:44 +0000 2018", "retweet_count": 26413, "in_reply_to_user_id_str": null, "favorite_count": 119619, "is_retweet": false}, {"source": "Twitter for iPhone", "id_str": "956937916374138880", "text": "Heading back from a very exciting two days in Davos, Switzerland. Speech on America\u2019s economic revival was well received. Many of the people I met will be investing in the U.S.A.! #MAGA", "created_at": "Fri Jan 26 17:12:32 +0000 2018", "retweet_count": 22705, "in_reply_to_user_id_str": null, "favorite_count": 112188, "is_retweet": false}, {"source": "Twitter for iPhone", "id_str": "956873004776116225", "text": "Join me live at the 2018 World Economic Forum in Davos, Switzerland! #WEF18 https://t.co/fdHejCmv73 https://t.co/DuKJlVTWB8", "created_at": "Fri Jan 26 12:54:36 +0000 2018", "retweet_count": 10096, "in_reply_to_user_id_str": null, "favorite_count": 52179, "is_retweet": false}, {"source": "Twitter for iPhone", "id_str": "956849981528379392", "text": "Great bilateral meeting with President @Alain_Berset of the Swiss Confederation - as we continue to strengthen our great friendship. Such an honor to be in Switzerland! #WEF18 https://t.co/87pLrCpQkZ", "created_at": "Fri Jan 26 11:23:07 +0000 2018", "retweet_count": 10755, "in_reply_to_user_id_str": null, "favorite_count": 55619, "is_retweet": false}, {"source": "Twitter for iPhone", "id_str": "956840839627595776", "text": "It was an honor to meet with Republic of Rwanda President Paul Kagame this morning in Davos, Switzerland. Many great discussions! #WEF18 https://t.co/SaPzwVhDiB", "created_at": "Fri Jan 26 10:46:48 +0000 2018", "retweet_count": 12493, "in_reply_to_user_id_str": null, "favorite_count": 63466, "is_retweet": false}, {"source": "Twitter for iPhone", "id_str": "956831942351183873", "text": "Will be interviewed on  @SquawkCNBC by @JoeSquawk coming up at 6:00amE from Davos, Switzerland. Enjoy! #WEF18 https://t.co/7egYlxnFBd", "created_at": "Fri Jan 26 10:11:26 +0000 2018", "retweet_count": 6567, "in_reply_to_user_id_str": null, "favorite_count": 36452, "is_retweet": false}, {"source": "Twitter for iPhone", "id_str": "956657520562573312", "text": "Today, Americans everywhere remember the brave men and women of @NASA who lost their lives in our Nation\u2019s eternal quest to expand the boundaries of human potential. https://t.co/clBsJTGz8B https://t.co/jTJkusdBQA", "created_at": "Thu Jan 25 22:38:21 +0000 2018", "retweet_count": 17826, "in_reply_to_user_id_str": null, "favorite_count": 84098, "is_retweet": false}, {"source": "Twitter for iPhone", "id_str": "956588348864454656", "text": "Very productive bilateral meeting with Prime Minister Benjamin @Netanyahu of Israel - in Davos, Switzerland! #WEF18 https://t.co/2sZM9YI7tJ", "created_at": "Thu Jan 25 18:03:29 +0000 2018", "retweet_count": 15203, "in_reply_to_user_id_str": null, "favorite_count": 72877, "is_retweet": false}, {"source": "Twitter for iPhone", "id_str": "956578887160532992", "text": "Great bilateral meeting with Prime Minister Theresa May of the United Kingdom, affirming the special relationship and our commitment to work together on key national security challenges and economic opportunities. #WEF18 https://t.co/FPP8aRDAyt", "created_at": "Thu Jan 25 17:25:53 +0000 2018", "retweet_count": 16110, "in_reply_to_user_id_str": null, "favorite_count": 76461, "is_retweet": false}, {"source": "Twitter for iPhone", "id_str": "956322473955545089", "text": "Will soon be heading to Davos, Switzerland, to tell the world how great America is and is doing. Our economy is now booming and with all I am doing, will only get better...Our country is finally WINNING again!", "created_at": "Thu Jan 25 00:27:00 +0000 2018", "retweet_count": 28555, "in_reply_to_user_id_str": null, "favorite_count": 153182, "is_retweet": false}, {"source": "Media Studio", "id_str": "956298399946563585", "text": "It was my great honor to welcome Mayor\u2019s from across America to the WH. My Administration will always support local government - and listen to the leaders who know their communities best. Together, we will usher in a bold new era of Peace and Prosperity! https://t.co/dmYECTnk0a https://t.co/RSv7V7r0DT", "created_at": "Wed Jan 24 22:51:20 +0000 2018", "retweet_count": 16891, "in_reply_to_user_id_str": null, "favorite_count": 79385, "is_retweet": false}, {"source": "Twitter for iPhone", "id_str": "956261892640604161", "text": "Earlier today, I spoke with @GovMattBevin of Kentucky regarding yesterday\u2019s shooting at Marshall County High School. My thoughts and prayers are with Bailey Holt, Preston Cope, their families, and all of the wounded victims who are in recovery. We are with you!", "created_at": "Wed Jan 24 20:26:16 +0000 2018", "retweet_count": 19370, "in_reply_to_user_id_str": null, "favorite_count": 98914, "is_retweet": false}, {"source": "Twitter for iPhone", "id_str": "956134228726558720", "text": "Tremendous investment by companies from all over the world being made in America. There has never been anything like it. Now Disney, J.P. Morgan Chase and many others. Massive Regulation Reduction and Tax Cuts are making us a powerhouse again. Long way to go! Jobs, Jobs, Jobs!", "created_at": "Wed Jan 24 11:58:58 +0000 2018", "retweet_count": 33444, "in_reply_to_user_id_str": null, "favorite_count": 147644, "is_retweet": false}, {"source": "Twitter for iPhone", "id_str": "956015565776277510", "text": "Cryin\u2019 Chuck Schumer fully understands, especially after his humiliating defeat, that if there is no Wall, there is no DACA. We must have safety and security, together with a strong Military, for our great people!", "created_at": "Wed Jan 24 04:07:27 +0000 2018", "retweet_count": 36953, "in_reply_to_user_id_str": null, "favorite_count": 155437, "is_retweet": false}, {"source": "Twitter for iPhone", "id_str": "956012274942128128", "text": "Where are the 50,000 important text messages between FBI lovers Lisa Page and Peter Strzok?  Blaming Samsung!", "created_at": "Wed Jan 24 03:54:22 +0000 2018", "retweet_count": 32361, "in_reply_to_user_id_str": null, "favorite_count": 128199, "is_retweet": false}, {"source": "Twitter for iPhone", "id_str": "955806333667807232", "text": "Thank you to General John Kelly, who is doing a fantastic job, and all of the Staff and others in the White House, for a job well done. Long hours and Fake reporting makes your job more difficult, but it is always great to WIN, and few have won more than us!", "created_at": "Tue Jan 23 14:16:02 +0000 2018", "retweet_count": 21732, "in_reply_to_user_id_str": "25073877", "favorite_count": 97940, "is_retweet": false}, {"source": "Twitter for iPhone", "id_str": "955795912374267907", "text": "Nobody knows for sure that the Republicans &amp; Democrats will be able to reach a deal on DACA by February 8, but everyone will be trying....with a big additional focus put on Military Strength and Border Security. The Dems have just learned that a Shutdown is not the answer!", "created_at": "Tue Jan 23 13:34:37 +0000 2018", "retweet_count": 24258, "in_reply_to_user_id_str": null, "favorite_count": 112996, "is_retweet": false}, {"source": "Twitter for iPhone", "id_str": "955771016319590400", "text": "In one of the biggest stories in a long time, the FBI now says it is missing five months worth of lovers Strzok-Page texts, perhaps 50,000, and all in prime time. Wow!", "created_at": "Tue Jan 23 11:55:42 +0000 2018", "retweet_count": 37035, "in_reply_to_user_id_str": null, "favorite_count": 135283, "is_retweet": false}, {"source": "Twitter for iPhone", "id_str": "955769850022055936", "text": "In one of the biggest stories in a long time, the FBI says it is now missing five months worth of lovers Strzok - Page texts, perhaps 50,000, all in prime time. Wow!", "created_at": "Tue Jan 23 11:51:04 +0000 2018", "retweet_count": 1115, "in_reply_to_user_id_str": "25073877", "favorite_count": 3377, "is_retweet": false}, {"source": "Twitter for iPhone", "id_str": "955764970590961665", "text": "Even Crazy Jim Acosta of Fake News CNN agrees: \u201cTrump World and WH sources dancing in end zone: Trump wins again...Schumer and Dems caved...gambled and lost.\u201d Thank you for your honesty Jim!", "created_at": "Tue Jan 23 11:31:40 +0000 2018", "retweet_count": 27540, "in_reply_to_user_id_str": null, "favorite_count": 129699, "is_retweet": false}, {"source": "Twitter for iPhone", "id_str": "955658992793149440", "text": "Big win for Republicans as Democrats cave on Shutdown. Now I want a big win for everyone, including Republicans, Democrats and DACA, but especially for our Great Military and Border Security. Should be able to get there. See you at the negotiating table!", "created_at": "Tue Jan 23 04:30:33 +0000 2018", "retweet_count": 28260, "in_reply_to_user_id_str": null, "favorite_count": 133912, "is_retweet": false}, {"source": "Twitter for iPhone", "id_str": "955458357200130049", "text": "End the Democrats Obstruction! https://t.co/tzBXilvW1b", "created_at": "Mon Jan 22 15:13:18 +0000 2018", "retweet_count": 21805, "in_reply_to_user_id_str": null, "favorite_count": 93364, "is_retweet": false}, {"source": "Twitter for iPhone", "id_str": "955428815777533952", "text": "Democrats have shut down our government in the interests of their far left base. They don\u2019t want to do it but are powerless!", "created_at": "Mon Jan 22 13:15:55 +0000 2018", "retweet_count": 22382, "in_reply_to_user_id_str": null, "favorite_count": 109947, "is_retweet": false}, {"source": "Twitter for iPhone", "id_str": "955426609326100480", "text": "The Democrats are turning down services and security for citizens in favor of services and security for non-citizens. Not good!", "created_at": "Mon Jan 22 13:07:09 +0000 2018", "retweet_count": 33465, "in_reply_to_user_id_str": null, "favorite_count": 132438, "is_retweet": false}, {"source": "Twitter for iPhone", "id_str": "955249077645643776", "text": "Thank you to Brad Blakeman on @FoxNews for grading year one of my presidency with an \u201cA\u201d-and likewise to Doug Schoen for the very good grade and statements. Working hard!", "created_at": "Mon Jan 22 01:21:42 +0000 2018", "retweet_count": 23749, "in_reply_to_user_id_str": null, "favorite_count": 127071, "is_retweet": false}, {"source": "Twitter for iPhone", "id_str": "955056249925750784", "text": "Great to see how hard Republicans are fighting for our Military and Safety at the Border. The Dems just want illegal immigrants to pour into our nation unchecked. If stalemate continues, Republicans should go to 51% (Nuclear Option) and vote on real, long term budget, no C.R.\u2019s!", "created_at": "Sun Jan 21 12:35:28 +0000 2018", "retweet_count": 47883, "in_reply_to_user_id_str": null, "favorite_count": 179271, "is_retweet": false}, {"source": "Twitter for iPhone", "id_str": "955052436187701248", "text": "RT @realDonaldTrump: Democrats are holding our Military hostage over their desire to have unchecked illegal immigration. Can\u2019t let that hap\u2026", "created_at": "Sun Jan 21 12:20:19 +0000 2018", "retweet_count": 44972, "in_reply_to_user_id_str": null, "favorite_count": 0, "is_retweet": true}, {"source": "Twitter for iPhone", "id_str": "954905101717655552", "text": "RT @FoxNews: .@EricTrump: \"My father was elected for one reason, and that's because he actually believes in putting America first, which is\u2026", "created_at": "Sun Jan 21 02:34:52 +0000 2018", "retweet_count": 14408, "in_reply_to_user_id_str": null, "favorite_count": 0, "is_retweet": true}, {"source": "Twitter for iPhone", "id_str": "954904669112995840", "text": "RT @FoxNews: .@KellyannePolls: \"Since @POTUS took office, 863,000 new jobs were filled by women. Over half a million American women have en\u2026", "created_at": "Sun Jan 21 02:33:09 +0000 2018", "retweet_count": 14554, "in_reply_to_user_id_str": null, "favorite_count": 0, "is_retweet": true}, {"source": "Twitter for iPhone", "id_str": "954904246494916609", "text": "RT @FoxNews: .@davidwebbshow: \"Let's look at the calendar. It's January 20th. DACA expires on March 5th. That means this was a construct of\u2026", "created_at": "Sun Jan 21 02:31:28 +0000 2018", "retweet_count": 13161, "in_reply_to_user_id_str": null, "favorite_count": 0, "is_retweet": true}, {"source": "Twitter for iPhone", "id_str": "954904160016785413", "text": "RT @FoxNews: .@EricTrump: \"People have seen a year that's incredible, that's been filled with nothing but the best for our country, America\u2026", "created_at": "Sun Jan 21 02:31:07 +0000 2018", "retweet_count": 7385, "in_reply_to_user_id_str": null, "favorite_count": 0, "is_retweet": true}, {"source": "Twitter for iPhone", "id_str": "954901073587834882", "text": "Eric Trump on @JudgeJeanine on @FoxNews now!", "created_at": "Sun Jan 21 02:18:51 +0000 2018", "retweet_count": 6376, "in_reply_to_user_id_str": null, "favorite_count": 46664, "is_retweet": false}, {"source": "Twitter for iPhone", "id_str": "954878124214415360", "text": "The Trump Administration has terminated more UNNECESSARY Regulation, in just twelve months, than any other Administration has terminated during their full term in office, no matter what the length. The good news is, THERE IS MUCH MORE TO COME!", "created_at": "Sun Jan 21 00:47:40 +0000 2018", "retweet_count": 31933, "in_reply_to_user_id_str": null, "favorite_count": 154912, "is_retweet": false}, {"source": "Twitter for iPhone", "id_str": "954876269300248576", "text": "RT @realDonaldTrump: Democrats are far more concerned with Illegal Immigrants than they are with our great Military or Safety at our danger\u2026", "created_at": "Sun Jan 21 00:40:18 +0000 2018", "retweet_count": 42622, "in_reply_to_user_id_str": null, "favorite_count": 0, "is_retweet": true}, {"source": "Twitter for iPhone", "id_str": "954843844402647040", "text": "Unprecedented success for our Country, in so many ways, since the Election. Record Stock Market, Strong on Military, Crime, Borders, &amp; ISIS, Judicial Strength &amp; Numbers, Lowest Unemployment for Women &amp; ALL, Massive Tax Cuts, end of Individual Mandate - and so much more. Big 2018!", "created_at": "Sat Jan 20 22:31:27 +0000 2018", "retweet_count": 29078, "in_reply_to_user_id_str": null, "favorite_count": 130940, "is_retweet": false}, {"source": "Twitter for iPhone", "id_str": "954788467069870081", "text": "Beautiful weather all over our great country, a perfect day for all Women to March. Get out there now to celebrate the historic milestones and unprecedented economic success and wealth creation that has taken place over the last 12 months. Lowest female unemployment in 18 years!", "created_at": "Sat Jan 20 18:51:24 +0000 2018", "retweet_count": 53822, "in_reply_to_user_id_str": null, "favorite_count": 209856, "is_retweet": false}, {"source": "Twitter for iPhone", "id_str": "954722155463430145", "text": "Democrats are holding our Military hostage over their desire to have unchecked illegal immigration. Can\u2019t let that happen!", "created_at": "Sat Jan 20 14:27:54 +0000 2018", "retweet_count": 44972, "in_reply_to_user_id_str": null, "favorite_count": 169057, "is_retweet": false}, {"source": "Twitter for iPhone", "id_str": "954681839419101185", "text": "#AMERICA FIRST!", "created_at": "Sat Jan 20 11:47:42 +0000 2018", "retweet_count": 31883, "in_reply_to_user_id_str": null, "favorite_count": 123773, "is_retweet": false}, {"source": "Twitter for iPhone", "id_str": "954680914998648833", "text": "For those asking, the Republicans only have 51 votes in the Senate, and they need 60. That is why we need to win more Republicans in 2018 Election! We can then be even tougher on  Crime (and Border), and even better to our Military &amp; Veterans!", "created_at": "Sat Jan 20 11:44:01 +0000 2018", "retweet_count": 40286, "in_reply_to_user_id_str": null, "favorite_count": 155128, "is_retweet": false}, {"source": "Twitter for iPhone", "id_str": "954678287820902401", "text": "This is the One Year Anniversary of my Presidency and the Democrats wanted to give me a nice present. #DemocratShutdown", "created_at": "Sat Jan 20 11:33:35 +0000 2018", "retweet_count": 30719, "in_reply_to_user_id_str": null, "favorite_count": 124284, "is_retweet": false}, {"source": "Twitter for iPhone", "id_str": "954674157144477696", "text": "Democrats are far more concerned with Illegal Immigrants than they are with our great Military or Safety at our dangerous Southern Border. They could have easily made a deal but decided to play Shutdown politics instead. #WeNeedMoreRepublicansIn18 in order to power through mess!", "created_at": "Sat Jan 20 11:17:10 +0000 2018", "retweet_count": 42622, "in_reply_to_user_id_str": null, "favorite_count": 145369, "is_retweet": false}, {"source": "Twitter for iPhone", "id_str": "954541219970977793", "text": "Not looking good for our great Military or Safety &amp; Security on the very dangerous Southern Border. Dems want a Shutdown in order to help diminish the great success of the Tax Cuts, and what they are doing for our booming economy.", "created_at": "Sat Jan 20 02:28:56 +0000 2018", "retweet_count": 31450, "in_reply_to_user_id_str": null, "favorite_count": 117688, "is_retweet": false}, {"source": "Twitter for iPhone", "id_str": "954478044487520257", "text": "Excellent preliminary meeting in Oval with @SenSchumer - working on solutions for Security and our great Military together with @SenateMajLdr McConnell and @SpeakerRyan. Making progress - four week extension would be best!", "created_at": "Fri Jan 19 22:17:53 +0000 2018", "retweet_count": 13136, "in_reply_to_user_id_str": null, "favorite_count": 65001, "is_retweet": false}, {"source": "Twitter for iPhone", "id_str": "954456754137501697", "text": "Just signed 702 Bill to reauthorize foreign intelligence collection. This is NOT the same FISA law that was so wrongly abused during the election. I will always do the right thing for our country and put the safety of the American people first!", "created_at": "Fri Jan 19 20:53:17 +0000 2018", "retweet_count": 28092, "in_reply_to_user_id_str": null, "favorite_count": 129186, "is_retweet": false}, {"source": "Twitter for iPhone", "id_str": "954423170299199488", "text": "Today, I was honored and proud to address the 45th Annual @March_for_Life! You are living witnesses of this year\u2019s March for Life theme: #LoveSavesLives. https://t.co/DMST4qhDmp", "created_at": "Fri Jan 19 18:39:50 +0000 2018", "retweet_count": 25095, "in_reply_to_user_id_str": null, "favorite_count": 96873, "is_retweet": false}, {"source": "Twitter for iPhone", "id_str": "954390114968498176", "text": "\u201cShutting down the government is a very serious thing. People die, accidents happen. I don\u2019t know how I would vote right now on a CR, OK?\u201d\nSen. Dianne Feinstein (D-Calif)\nhttps://t.co/7xP3CBnv5j", "created_at": "Fri Jan 19 16:28:29 +0000 2018", "retweet_count": 15649, "in_reply_to_user_id_str": null, "favorite_count": 49733, "is_retweet": false}, {"source": "Twitter for iPhone", "id_str": "954386490842378241", "text": ".@WhiteHouse Briefing with Director Marc Short and Director Mick Mulvaney...\nhttps://t.co/0O0VsYXmHB", "created_at": "Fri Jan 19 16:14:05 +0000 2018", "retweet_count": 8567, "in_reply_to_user_id_str": null, "favorite_count": 44105, "is_retweet": false}, {"source": "Twitter for iPhone", "id_str": "954323750949982208", "text": "Government Funding Bill past last night in the House of Representatives. Now Democrats are needed if it is to pass in the Senate - but they want illegal immigration and weak borders. Shutdown coming? We need more Republican victories in 2018!", "created_at": "Fri Jan 19 12:04:47 +0000 2018", "retweet_count": 26121, "in_reply_to_user_id_str": null, "favorite_count": 111010, "is_retweet": false}, {"source": "Twitter for iPhone", "id_str": "954136290768846850", "text": "House of Representatives needs to pass Government Funding Bill tonight. So important for our country - our Military needs it!", "created_at": "Thu Jan 18 23:39:53 +0000 2018", "retweet_count": 20432, "in_reply_to_user_id_str": null, "favorite_count": 102095, "is_retweet": false}, {"source": "Twitter for iPhone", "id_str": "954097213608570880", "text": "AMERICA will once again be a NATION that thinks big, dreams bigger, and always reaches for the stars. YOU are the ones who will shape America\u2019s destiny. YOU are the ones who will restore our prosperity. And YOU are the ones who are MAKING AMERICA GREAT AGAIN! #MAGA https://t.co/f2abNK47II", "created_at": "Thu Jan 18 21:04:36 +0000 2018", "retweet_count": 26259, "in_reply_to_user_id_str": null, "favorite_count": 103608, "is_retweet": false}, {"source": "Twitter for iPhone", "id_str": "954092417250222082", "text": "Departing Pittsburgh now, where it was my great honor to stand with our incredible workers, and to show the world that AMERICA is back - and we are coming back bigger and better and stronger than ever before! https://t.co/kWPgylqFzj", "created_at": "Thu Jan 18 20:45:33 +0000 2018", "retweet_count": 15318, "in_reply_to_user_id_str": null, "favorite_count": 76053, "is_retweet": false}, {"source": "Twitter for iPhone", "id_str": "953987636057821184", "text": "A government shutdown will be devastating to our military...something the Dems care very little about!", "created_at": "Thu Jan 18 13:49:11 +0000 2018", "retweet_count": 21974, "in_reply_to_user_id_str": null, "favorite_count": 90984, "is_retweet": false}, {"source": "Twitter for iPhone", "id_str": "953984671674662912", "text": "CHIP should be part of a long term solution, not a 30 Day, or short term, extension!", "created_at": "Thu Jan 18 13:37:24 +0000 2018", "retweet_count": 12114, "in_reply_to_user_id_str": null, "favorite_count": 62749, "is_retweet": false}, {"source": "Twitter for iPhone", "id_str": "953979393180950528", "text": "We need the Wall for the safety and security of our country. We need the Wall to help stop the massive inflow of drugs from Mexico, now rated the number one most dangerous country in the world. If there is no Wall, there is no Deal!", "created_at": "Thu Jan 18 13:16:26 +0000 2018", "retweet_count": 29321, "in_reply_to_user_id_str": null, "favorite_count": 124085, "is_retweet": false}, {"source": "Twitter for iPhone", "id_str": "953973568035086336", "text": "Will be going to Pennsylvania today in order to give my total support to RICK SACCONE, running for Congress in a Special Election (March 13). Rick is a great guy. We need more Republicans to continue our already successful agenda!", "created_at": "Thu Jan 18 12:53:17 +0000 2018", "retweet_count": 17304, "in_reply_to_user_id_str": null, "favorite_count": 85639, "is_retweet": false}, {"source": "Twitter for iPhone", "id_str": "953951365532876800", "text": "....The Wall will be paid for, directly or indirectly, or through longer term reimbursement, by Mexico, which has a ridiculous $71 billion dollar trade surplus with the U.S. The $20 billion dollar Wall is \u201cpeanuts\u201d compared to what Mexico makes from the U.S. NAFTA is a bad joke!", "created_at": "Thu Jan 18 11:25:03 +0000 2018", "retweet_count": 28284, "in_reply_to_user_id_str": null, "favorite_count": 112436, "is_retweet": false}, {"source": "Twitter for iPhone", "id_str": "953948941674078208", "text": "The Wall is the Wall, it has never changed or evolved from the first day I conceived of it. Parts will be, of necessity, see through and it was never intended to be built in areas where there is natural protection such as mountains, wastelands or tough rivers or water.....", "created_at": "Thu Jan 18 11:15:25 +0000 2018", "retweet_count": 21735, "in_reply_to_user_id_str": null, "favorite_count": 94687, "is_retweet": false}, {"source": "Twitter for iPhone", "id_str": "953796944564031489", "text": "ISIS is in retreat, our economy is booming, investments and jobs are pouring back into the country, and so much more! Together there is nothing we can\u2019t overcome--even a very biased media. We ARE Making America Great Again!", "created_at": "Thu Jan 18 01:11:26 +0000 2018", "retweet_count": 40179, "in_reply_to_user_id_str": null, "favorite_count": 179379, "is_retweet": false}, {"source": "Twitter for iPhone", "id_str": "953795518592843777", "text": "Despite some very corrupt and dishonest media coverage, there are many great reporters I respect and lots of GOOD NEWS for the American people to be proud of!", "created_at": "Thu Jan 18 01:05:46 +0000 2018", "retweet_count": 22541, "in_reply_to_user_id_str": null, "favorite_count": 112497, "is_retweet": false}, {"source": "Twitter for iPhone", "id_str": "953794085751574534", "text": "And the FAKE NEWS winners are...\nhttps://t.co/59G6x2f7fD", "created_at": "Thu Jan 18 01:00:05 +0000 2018", "retweet_count": 41677, "in_reply_to_user_id_str": null, "favorite_count": 112931, "is_retweet": false}, {"source": "Twitter for iPhone", "id_str": "953773110553186312", "text": "Main Street is BACK! Strongest Holiday Sales bump since the Great Recession -- beating forecasts by BILLIONS OF DOLLARS. https://t.co/kDcGbMieSt", "created_at": "Wed Jan 17 23:36:44 +0000 2018", "retweet_count": 15704, "in_reply_to_user_id_str": null, "favorite_count": 68259, "is_retweet": false}, {"source": "Twitter for iPhone", "id_str": "953772162665590787", "text": "During the campaign, I promised to MAKE AMERICA GREAT AGAIN by bringing businesses and jobs back to our country. I am very proud to see companies like Chrysler moving operations from Mexico to Michigan where there are so many great American workers! https://t.co/hz2q9UTfnF", "created_at": "Wed Jan 17 23:32:58 +0000 2018", "retweet_count": 24791, "in_reply_to_user_id_str": null, "favorite_count": 99349, "is_retweet": false}, {"source": "Twitter for iPhone", "id_str": "953771038114045954", "text": "I promised that my policies would allow companies like Apple to bring massive amounts of money back to the United States. Great to see Apple follow through as a result of TAX CUTS. Huge win for American workers and the USA! https://t.co/OwXVUyLOb1", "created_at": "Wed Jan 17 23:28:30 +0000 2018", "retweet_count": 24533, "in_reply_to_user_id_str": null, "favorite_count": 92540, "is_retweet": false}, {"source": "Media Studio", "id_str": "953768657221451776", "text": "Today, we witnessed an incredible moment in history \u2013 the presentation of Congress\u2019 highest civilian honor to our friend, and true AMERICAN HERO, Bob Dole. #CongressionalGoldMedal https://t.co/qNQqDLRmCk", "created_at": "Wed Jan 17 23:19:02 +0000 2018", "retweet_count": 15592, "in_reply_to_user_id_str": null, "favorite_count": 75223, "is_retweet": false}, {"source": "Twitter for iPhone", "id_str": "953614071336701952", "text": "Eric Trump on @foxandfriends  now!", "created_at": "Wed Jan 17 13:04:46 +0000 2018", "retweet_count": 6775, "in_reply_to_user_id_str": null, "favorite_count": 54585, "is_retweet": false}, {"source": "Twitter for iPhone", "id_str": "953406553083777029", "text": "....we need to keep America safe, including moving away from a random chain migration and lottery system, to one that is merit-based. https://t.co/7PtoSFK1n2", "created_at": "Tue Jan 16 23:20:10 +0000 2018", "retweet_count": 19205, "in_reply_to_user_id_str": "25073877", "favorite_count": 81945, "is_retweet": false}, {"source": "Twitter for iPhone", "id_str": "953406423177859073", "text": "New report from DOJ &amp; DHS shows that nearly 3 in 4 individuals convicted of terrorism-related charges are foreign-born. We have submitted to Congress a list of resources and reforms....", "created_at": "Tue Jan 16 23:19:39 +0000 2018", "retweet_count": 26005, "in_reply_to_user_id_str": null, "favorite_count": 100365, "is_retweet": false}, {"source": "Twitter for iPhone", "id_str": "953360619834691585", "text": "Today, it was my honor to welcome President Nursultan Nazarbayev of Kazakhstan to the @WhiteHouse! https://t.co/TerYFZViax", "created_at": "Tue Jan 16 20:17:39 +0000 2018", "retweet_count": 10012, "in_reply_to_user_id_str": null, "favorite_count": 56142, "is_retweet": false}, {"source": "Twitter for iPhone", "id_str": "953352036309000194", "text": "\u201cPresident Donald J. Trump Proclaims January 16, 2018, as Religious Freedom Day\u201d https://t.co/bD3R2dJfyp", "created_at": "Tue Jan 16 19:43:32 +0000 2018", "retweet_count": 19677, "in_reply_to_user_id_str": null, "favorite_count": 74030, "is_retweet": false}, {"source": "Twitter for iPhone", "id_str": "953273134655987716", "text": "Unemployment for Black Americans is the lowest ever recorded. Trump approval ratings with Black Americans has doubled. Thank you, and it will get even (much) better! @FoxNews", "created_at": "Tue Jan 16 14:30:00 +0000 2018", "retweet_count": 28302, "in_reply_to_user_id_str": null, "favorite_count": 113867, "is_retweet": false}, {"source": "Twitter for iPhone", "id_str": "953271789790138368", "text": "\u201c90% of Trump 2017 news coverage was negative\u201d -and much of it contrived!@foxandfriends", "created_at": "Tue Jan 16 14:24:40 +0000 2018", "retweet_count": 16362, "in_reply_to_user_id_str": null, "favorite_count": 73687, "is_retweet": false}, {"source": "Twitter for iPhone", "id_str": "953270558573154305", "text": "Do you notice the Fake News Mainstream Media never likes covering the great and record setting economic news, but rather talks about anything negative or that can be turned into the negative. The Russian Collusion Hoax is dead, except as it pertains to the Dems. Public gets it!", "created_at": "Tue Jan 16 14:19:46 +0000 2018", "retweet_count": 26530, "in_reply_to_user_id_str": null, "favorite_count": 111945, "is_retweet": false}, {"source": "Twitter for iPhone", "id_str": "953267506004754432", "text": "The Democrats want to shut down the Government over Amnesty for all and Border Security. The biggest loser will be our rapidly rebuilding Military, at a time we need it more than ever. We need a merit based system of immigration, and we need it now! No more dangerous Lottery.", "created_at": "Tue Jan 16 14:07:38 +0000 2018", "retweet_count": 24015, "in_reply_to_user_id_str": null, "favorite_count": 100620, "is_retweet": false}, {"source": "Twitter for iPhone", "id_str": "953264081871495168", "text": "We must have Security at our VERY DANGEROUS SOUTHERN BORDER, and we must have a great WALL to help protect us, and to help stop the massive inflow of drugs pouring into our country!", "created_at": "Tue Jan 16 13:54:02 +0000 2018", "retweet_count": 25132, "in_reply_to_user_id_str": null, "favorite_count": 117811, "is_retweet": false}, {"source": "Twitter for iPhone", "id_str": "953068179919638528", "text": "RT @realDonaldTrump: Senator Dicky Durbin totally misrepresented what was said at the DACA meeting. Deals can\u2019t get made when there is no t\u2026", "created_at": "Tue Jan 16 00:55:35 +0000 2018", "retweet_count": 30426, "in_reply_to_user_id_str": null, "favorite_count": 0, "is_retweet": true}, {"source": "Twitter for iPhone", "id_str": "953067686313037829", "text": "RT @realDonaldTrump: DACA is probably dead because the Democrats don\u2019t really want it, they just want to talk and take desperately needed m\u2026", "created_at": "Tue Jan 16 00:53:38 +0000 2018", "retweet_count": 27874, "in_reply_to_user_id_str": null, "favorite_count": 0, "is_retweet": true}, {"source": "Twitter for iPhone", "id_str": "953067606612828161", "text": "RT @realDonaldTrump: I, as President, want people coming into our Country who are going to help us become strong and great again, people co\u2026", "created_at": "Tue Jan 16 00:53:19 +0000 2018", "retweet_count": 39776, "in_reply_to_user_id_str": null, "favorite_count": 0, "is_retweet": true}, {"source": "Twitter for iPhone", "id_str": "953067477830946816", "text": "RT @realDonaldTrump: ...big unnecessary regulation cuts made it all possible\u201d (among many other things). \u201cPresident Trump reversed the poli\u2026", "created_at": "Tue Jan 16 00:52:48 +0000 2018", "retweet_count": 19251, "in_reply_to_user_id_str": null, "favorite_count": 0, "is_retweet": true}, {"source": "Twitter for iPhone", "id_str": "953067456255406081", "text": "RT @realDonaldTrump: \u201cPresident Trump is not getting the credit he deserves for the economy. Tax Cut bonuses to more than 2,000,000 workers\u2026", "created_at": "Tue Jan 16 00:52:43 +0000 2018", "retweet_count": 25217, "in_reply_to_user_id_str": null, "favorite_count": 0, "is_retweet": true}, {"source": "Twitter for iPhone", "id_str": "953066854079135744", "text": "RT @EricTrump: I will be always be incredibly proud of my work for @StJude, raising $16.3+ million dollars over the last 10 years at a 9.2%\u2026", "created_at": "Tue Jan 16 00:50:19 +0000 2018", "retweet_count": 13866, "in_reply_to_user_id_str": null, "favorite_count": 0, "is_retweet": true}, {"source": "Twitter for iPhone", "id_str": "953066286434652165", "text": "RT @EricTrump: #MakeAmericaGreatAgain \ud83c\uddfa\ud83c\uddf8\ud83c\uddfa\ud83c\uddf8\ud83c\uddfa\ud83c\uddf8 https://t.co/b81NtQGhHa", "created_at": "Tue Jan 16 00:48:04 +0000 2018", "retweet_count": 8904, "in_reply_to_user_id_str": null, "favorite_count": 0, "is_retweet": true}, {"source": "Twitter for iPhone", "id_str": "953066265987420160", "text": "RT @Heritage: We had a special visitor yesterday. @IvankaTrump, thank you for meeting with @KayColesJames, spending time with our team, and\u2026", "created_at": "Tue Jan 16 00:47:59 +0000 2018", "retweet_count": 2661, "in_reply_to_user_id_str": null, "favorite_count": 0, "is_retweet": true}, {"source": "Twitter for iPhone", "id_str": "953000902331453442", "text": "Senator Dicky Durbin totally misrepresented what was said at the DACA meeting. Deals can\u2019t get made when there is no trust! Durbin blew DACA and is hurting our Military.", "created_at": "Mon Jan 15 20:28:15 +0000 2018", "retweet_count": 30428, "in_reply_to_user_id_str": null, "favorite_count": 118168, "is_retweet": false}, {"source": "Twitter for iPhone", "id_str": "952933691642339329", "text": "RT @WhiteHouse: \"Dr. King's dream is our dream. It is the American Dream. It's the promise stitched into the fabric of our Nation, etched i\u2026", "created_at": "Mon Jan 15 16:01:11 +0000 2018", "retweet_count": 21529, "in_reply_to_user_id_str": null, "favorite_count": 0, "is_retweet": true}, {"source": "Twitter for iPhone", "id_str": "952888691944550401", "text": "...to stop drugs, they want to take money away from our military which we cannot do.\u201d My standard is very simple, AMERICA FIRST &amp; MAKE AMERICA GREAT AGAIN!", "created_at": "Mon Jan 15 13:02:22 +0000 2018", "retweet_count": 23721, "in_reply_to_user_id_str": null, "favorite_count": 113504, "is_retweet": false}, {"source": "Twitter for iPhone", "id_str": "952887520790040576", "text": "Statement by me last night in Florida: \u201cHonestly, I don\u2019t think the Democrats want to make a deal. They talk about DACA, but they don\u2019t want to help..We are ready, willing and able to make a deal but they don\u2019t want to. They don\u2019t want security at the border, they don\u2019t want.....", "created_at": "Mon Jan 15 12:57:43 +0000 2018", "retweet_count": 22262, "in_reply_to_user_id_str": null, "favorite_count": 94720, "is_retweet": false}, {"source": "Twitter for iPhone", "id_str": "952540700683497472", "text": "...big unnecessary regulation cuts made it all possible\u201d (among many other things). \u201cPresident Trump reversed the policies of President Obama, and reversed our economic decline.\u201d Thank you Stuart Varney.  @foxandfriends", "created_at": "Sun Jan 14 13:59:35 +0000 2018", "retweet_count": 19249, "in_reply_to_user_id_str": null, "favorite_count": 88722, "is_retweet": false}, {"source": "Twitter for iPhone", "id_str": "952538350333939713", "text": "\u201cPresident Trump is not getting the credit he deserves for the economy. Tax Cut bonuses to more than 2,000,000 workers. Most explosive Stock Market rally that we\u2019ve seen in modern times. 18,000 to 26,000 from Election, and grounded in profitability and growth. All Trump, not 0...", "created_at": "Sun Jan 14 13:50:14 +0000 2018", "retweet_count": 25199, "in_reply_to_user_id_str": null, "favorite_count": 112365, "is_retweet": false}, {"source": "Twitter for iPhone", "id_str": "952530515894169601", "text": "I, as President, want people coming into our Country who are going to help us become strong and great again, people coming in through a system based on MERIT. No more Lotteries! #AMERICA FIRST", "created_at": "Sun Jan 14 13:19:06 +0000 2018", "retweet_count": 39822, "in_reply_to_user_id_str": null, "favorite_count": 162032, "is_retweet": false}, {"source": "Twitter for iPhone", "id_str": "952528011869478912", "text": "DACA is probably dead because the Democrats don\u2019t really want it, they just want to talk and take desperately needed money away from our Military.", "created_at": "Sun Jan 14 13:09:09 +0000 2018", "retweet_count": 27910, "in_reply_to_user_id_str": null, "favorite_count": 122528, "is_retweet": false}, {"source": "Twitter for iPhone", "id_str": "952526791658360833", "text": "RT @realDonaldTrump: So much Fake News is being reported. They don\u2019t even try to get it right, or correct it when they are wrong. They prom\u2026", "created_at": "Sun Jan 14 13:04:18 +0000 2018", "retweet_count": 34679, "in_reply_to_user_id_str": null, "favorite_count": 0, "is_retweet": true}, {"source": "Twitter for iPhone", "id_str": "952526145064505345", "text": "...and they knew exactly what I said and meant. They just wanted a story. FAKE NEWS!", "created_at": "Sun Jan 14 13:01:44 +0000 2018", "retweet_count": 16641, "in_reply_to_user_id_str": null, "favorite_count": 83609, "is_retweet": false}, {"source": "Twitter for iPhone", "id_str": "952525384242876416", "text": "The Wall Street Journal stated falsely that I said to them \u201cI have a good relationship with Kim Jong Un\u201d (of N. Korea). Obviously I didn\u2019t say that. I said \u201cI\u2019d have a good relationship with Kim Jong Un,\u201d a big difference. Fortunately we now record conversations with reporters...", "created_at": "Sun Jan 14 12:58:43 +0000 2018", "retweet_count": 22639, "in_reply_to_user_id_str": null, "favorite_count": 96340, "is_retweet": false}, {"source": "Twitter for iPhone", "id_str": "952387373056380928", "text": "RT @paulsperry_: https://t.co/aU1rdyKA1W", "created_at": "Sun Jan 14 03:50:18 +0000 2018", "retweet_count": 15840, "in_reply_to_user_id_str": null, "favorite_count": 0, "is_retweet": true}, {"source": "Twitter for iPhone", "id_str": "952387277610774528", "text": "RT @paulsperry_: Fusion GPS, firm behind disputed Russia dossier, retracts its claim of FBI mole in Trump camp\nhttps://t.co/s6CFPXSVqb", "created_at": "Sun Jan 14 03:49:56 +0000 2018", "retweet_count": 10412, "in_reply_to_user_id_str": null, "favorite_count": 0, "is_retweet": true}, {"source": "Twitter for iPhone", "id_str": "952386227705204736", "text": "RT @JackPosobiec: Dick Durbin called Trump racist for wanting to end chain migration. \n\nHere's a video of Dick Durbin calling for an end to\u2026", "created_at": "Sun Jan 14 03:45:45 +0000 2018", "retweet_count": 23390, "in_reply_to_user_id_str": null, "favorite_count": 0, "is_retweet": true}, {"source": "Twitter for iPhone", "id_str": "952385311669178368", "text": "RT @LouDobbs: The stock market has gained an incredible 7.8 Trillion dollars in market value since @POTUS was elected! Looks like 4% econom\u2026", "created_at": "Sun Jan 14 03:42:07 +0000 2018", "retweet_count": 18307, "in_reply_to_user_id_str": null, "favorite_count": 0, "is_retweet": true}, {"source": "Twitter for iPhone", "id_str": "952301373479104512", "text": "So much Fake News is being reported. They don\u2019t even try to get it right, or correct it when they are wrong. They promote the Fake Book of a mentally deranged author, who knowingly writes false information. The Mainstream Media is crazed that WE won the election!", "created_at": "Sat Jan 13 22:08:34 +0000 2018", "retweet_count": 34708, "in_reply_to_user_id_str": null, "favorite_count": 148208, "is_retweet": false}, {"source": "Twitter for iPhone", "id_str": "952183458922672130", "text": "I don\u2019t believe the Democrats really want to see a deal on DACA. They are all talk and no action. This is the time but, day by day, they are blowing the one great opportunity they have. Too bad!", "created_at": "Sat Jan 13 14:20:01 +0000 2018", "retweet_count": 27380, "in_reply_to_user_id_str": null, "favorite_count": 124729, "is_retweet": false}, {"source": "Twitter for iPhone", "id_str": "952183452366929920", "text": "Yesterday was another big day for jobs and the Stock Market. Chrysler coming back to U.S. (Michigan) from Mexico and many more companies paying out Tax Cut money to employees. If Dems won in November, Market would have TANKED! It was headed for disaster.", "created_at": "Sat Jan 13 14:20:00 +0000 2018", "retweet_count": 548, "in_reply_to_user_id_str": null, "favorite_count": 2182, "is_retweet": false}, {"source": "Twitter for iPhone", "id_str": "952166927476183040", "text": "AMERICA FIRST!", "created_at": "Sat Jan 13 13:14:20 +0000 2018", "retweet_count": 37694, "in_reply_to_user_id_str": null, "favorite_count": 152962, "is_retweet": false}, {"source": "Twitter for iPhone", "id_str": "952166857670320128", "text": "The Democrats are all talk and no action. They are doing nothing to fix DACA. Great opportunity missed. Too bad!", "created_at": "Sat Jan 13 13:14:03 +0000 2018", "retweet_count": 21951, "in_reply_to_user_id_str": null, "favorite_count": 104405, "is_retweet": false}, {"source": "Twitter for iPhone", "id_str": "952166643202916352", "text": "Yesterday was a big day for the stock market. Jobs are coming back to America. Chrysler is coming back to the USA, from Mexico and many others will follow. Tax cut money to employees is pouring into our economy with many more companies announcing. American business is hot again!", "created_at": "Sat Jan 13 13:13:12 +0000 2018", "retweet_count": 24624, "in_reply_to_user_id_str": null, "favorite_count": 117847, "is_retweet": false}, {"source": "Twitter for iPhone", "id_str": "951875499537641472", "text": "Today, it was my great honor to proclaim January 15, 2018, as Martin Luther King Jr., Federal Holiday. I encourage all Americans to observe this day with appropriate civic, community, and service activities in honor of Dr. King's life and legacy. https://t.co/samlJsz1Nt", "created_at": "Fri Jan 12 17:56:18 +0000 2018", "retweet_count": 26544, "in_reply_to_user_id_str": null, "favorite_count": 109300, "is_retweet": false}, {"source": "Twitter for iPhone", "id_str": "951813216291708928", "text": "Never said anything derogatory about Haitians other than Haiti is, obviously, a very poor and troubled country. Never said \u201ctake them out.\u201d Made up by Dems. I have a wonderful relationship with Haitians. Probably should record future meetings - unfortunately, no trust!", "created_at": "Fri Jan 12 13:48:49 +0000 2018", "retweet_count": 36601, "in_reply_to_user_id_str": null, "favorite_count": 138855, "is_retweet": false}, {"source": "Twitter for iPhone", "id_str": "951798415301718017", "text": "Sadly, Democrats want to stop paying our troops and government workers in order to give a sweetheart deal, not a fair deal, for DACA. Take care of our Military, and our Country, FIRST!", "created_at": "Fri Jan 12 12:50:00 +0000 2018", "retweet_count": 32123, "in_reply_to_user_id_str": null, "favorite_count": 125050, "is_retweet": false}, {"source": "Twitter for iPhone", "id_str": "951793123985973248", "text": "The language used by me at the DACA meeting was tough, but this was not the language used. What was really tough was the outlandish proposal made - a big setback for DACA!", "created_at": "Fri Jan 12 12:28:58 +0000 2018", "retweet_count": 24795, "in_reply_to_user_id_str": null, "favorite_count": 103655, "is_retweet": false}, {"source": "Twitter for iPhone", "id_str": "951790999784783872", "text": "....Because of the Democrats not being interested in life and safety, DACA has now taken a big step backwards. The Dems will threaten \u201cshutdown,\u201d but what they are really doing is shutting down our military, at a time we need it most. Get smart, MAKE AMERICA GREAT AGAIN!", "created_at": "Fri Jan 12 12:20:32 +0000 2018", "retweet_count": 23043, "in_reply_to_user_id_str": null, "favorite_count": 92162, "is_retweet": false}, {"source": "Twitter for iPhone", "id_str": "951788342647107584", "text": "....countries which are doing badly. I want a merit based system of immigration and people who will help take our country to the next level. I want safety and security for our people. I want to stop the massive inflow of drugs. I want to fund our military, not do a Dem defund....", "created_at": "Fri Jan 12 12:09:58 +0000 2018", "retweet_count": 24462, "in_reply_to_user_id_str": null, "favorite_count": 110177, "is_retweet": false}, {"source": "Twitter for iPhone", "id_str": "951785587765280768", "text": "The so-called bipartisan DACA deal presented yesterday to myself and a group of Republican Senators and Congressmen was a big step backwards. Wall was not properly funded, Chain &amp; Lottery were made worse and USA would be forced to take large numbers of people from high crime.....", "created_at": "Fri Jan 12 11:59:02 +0000 2018", "retweet_count": 21748, "in_reply_to_user_id_str": null, "favorite_count": 83977, "is_retweet": false}, {"source": "Twitter for iPhone", "id_str": "951679619341737986", "text": "Reason I canceled my trip to London is that I am not a big fan of the Obama Administration having sold perhaps the best located and finest embassy in London for \u201cpeanuts,\u201d only to build a new one in an off location for 1.2 billion dollars. Bad deal. Wanted me to cut ribbon-NO!", "created_at": "Fri Jan 12 04:57:57 +0000 2018", "retweet_count": 30085, "in_reply_to_user_id_str": null, "favorite_count": 125213, "is_retweet": false}, {"source": "Twitter for iPhone", "id_str": "951675713089888256", "text": "The Democrats seem intent on having people and drugs pour into our country from the Southern Border, risking thousands of lives in the process. It is my duty to protect the lives and safety of all Americans. We must build a Great Wall, think Merit and end Lottery &amp; Chain. USA!", "created_at": "Fri Jan 12 04:42:25 +0000 2018", "retweet_count": 29526, "in_reply_to_user_id_str": null, "favorite_count": 122744, "is_retweet": false}, {"source": "Twitter for iPhone", "id_str": "951650274032209920", "text": "Democrat Dianne Feinstein should never have released secret committee testimony to the public without authorization. Very disrespectful to committee members and possibly illegal. She blamed her poor decision on the fact she had a cold - a first!", "created_at": "Fri Jan 12 03:01:20 +0000 2018", "retweet_count": 23043, "in_reply_to_user_id_str": null, "favorite_count": 99213, "is_retweet": false}, {"source": "Twitter for iPhone", "id_str": "951648197440569344", "text": "Chrysler is moving a massive plant from Mexico to Michigan, reversing a years long opposite trend. Thank you Chrysler, a very wise decision. The voters in Michigan are very happy they voted for Trump/Pence. Plenty of more to follow!", "created_at": "Fri Jan 12 02:53:05 +0000 2018", "retweet_count": 26034, "in_reply_to_user_id_str": null, "favorite_count": 115604, "is_retweet": false}, {"source": "Twitter for iPhone", "id_str": "951647402599026689", "text": "More great news as a result of historical Tax Cuts and Reform: Fiat Chrysler announces plan to invest more than $1 BILLION in Michigan plant, relocating their heavy-truck production from Mexico to Michigan, adding 2,500 new jobs and paying $2,000 bonus to U.S. employees! https://t.co/47azKD0l9B", "created_at": "Fri Jan 12 02:49:56 +0000 2018", "retweet_count": 19199, "in_reply_to_user_id_str": null, "favorite_count": 73432, "is_retweet": false}, {"source": "Twitter for iPhone", "id_str": "951646736233189377", "text": "Small Business Poll has highest approval numbers in the polls history. All business is just at the beginning of something really special!", "created_at": "Fri Jan 12 02:47:17 +0000 2018", "retweet_count": 13261, "in_reply_to_user_id_str": null, "favorite_count": 68224, "is_retweet": false}, {"source": "Twitter for iPhone", "id_str": "951645893513613312", "text": "Thank you Adam Levine, The Federalist, in interview on @foxandfriends  \u201cDonald Trump is the greatest President our Country has ever seen.\u201d", "created_at": "Fri Jan 12 02:43:56 +0000 2018", "retweet_count": 15578, "in_reply_to_user_id_str": null, "favorite_count": 76146, "is_retweet": false}, {"source": "Media Studio", "id_str": "951596346011680768", "text": "Yesterday, I signed the #INTERDICTAct (H.R. 2142) with bipartisan members of Congress to help end the flow of drugs into our country. Together, we are committed to doing everything we can to combat the deadly scourge of drug addiction and overdose in the United States! https://t.co/ELZvFol5Lo", "created_at": "Thu Jan 11 23:27:03 +0000 2018", "retweet_count": 13781, "in_reply_to_user_id_str": null, "favorite_count": 59300, "is_retweet": false}, {"source": "Twitter Web Client", "id_str": "951478281303416832", "text": "Great news, as a result of our TAX CUTS &amp; JOBS ACT! https://t.co/SLvhLxP3Jl", "created_at": "Thu Jan 11 15:37:54 +0000 2018", "retweet_count": 15213, "in_reply_to_user_id_str": null, "favorite_count": 62600, "is_retweet": false}, {"source": "Twitter for iPhone", "id_str": "951457382651056128", "text": "With that being said, I have personally directed the fix to the unmasking process since taking office and today\u2019s vote is about foreign surveillance of foreign bad guys on foreign land. We need it! Get smart!", "created_at": "Thu Jan 11 14:14:51 +0000 2018", "retweet_count": 12423, "in_reply_to_user_id_str": "25073877", "favorite_count": 60560, "is_retweet": false}, {"source": "Twitter for iPhone", "id_str": "951441504203104256", "text": "\u201c45 year low in illegal immigration this year.\u201d @foxandfriends", "created_at": "Thu Jan 11 13:11:46 +0000 2018", "retweet_count": 16253, "in_reply_to_user_id_str": null, "favorite_count": 84555, "is_retweet": false}, {"source": "Twitter for iPhone", "id_str": "951431836030459905", "text": "\u201cHouse votes on controversial FISA ACT today.\u201d This is the act that may have been used, with the help of the discredited and phony Dossier, to so badly surveil and abuse the Trump Campaign by the previous administration and others?", "created_at": "Thu Jan 11 12:33:21 +0000 2018", "retweet_count": 17274, "in_reply_to_user_id_str": null, "favorite_count": 72410, "is_retweet": false}, {"source": "Twitter for iPhone", "id_str": "951419415794511872", "text": "In new Quinnipiac Poll, 66% of people feel the economy is \u201cExcellent or Good.\u201d That is the highest number ever recorded by this poll.", "created_at": "Thu Jan 11 11:43:59 +0000 2018", "retweet_count": 21318, "in_reply_to_user_id_str": null, "favorite_count": 96789, "is_retweet": false}, {"source": "Twitter for iPhone", "id_str": "951416674808467461", "text": "Disproven and paid for by Democrats \u201cDossier used to spy on Trump Campaign. Did FBI use Intel tool to influence the Election?\u201d @foxandfriends  Did Dems or Clinton also pay Russians? Where are hidden and smashed DNC servers? Where are Crooked Hillary Emails?  What a mess!", "created_at": "Thu Jan 11 11:33:06 +0000 2018", "retweet_count": 22798, "in_reply_to_user_id_str": null, "favorite_count": 82158, "is_retweet": false}, {"source": "Twitter for iPhone", "id_str": "951309956720087041", "text": "Good news: Toyota and Mazda announce giant new Huntsville, Alabama, plant which will produce over 300,000 cars and SUV\u2019s a year and employ 4000 people. Companies are coming back to the U.S. in a very big way. Congratulations Alabama!", "created_at": "Thu Jan 11 04:29:02 +0000 2018", "retweet_count": 36627, "in_reply_to_user_id_str": null, "favorite_count": 176601, "is_retweet": false}, {"source": "Twitter for iPhone", "id_str": "951236634095308800", "text": "Cutting taxes and simplifying regulations makes America the place to invest! Great news as Toyota and Mazda announce they are bringing 4,000 JOBS and investing $1.6 BILLION in Alabama, helping to further grow our economy! https://t.co/Kcg8IVH6iA", "created_at": "Wed Jan 10 23:37:41 +0000 2018", "retweet_count": 23085, "in_reply_to_user_id_str": null, "favorite_count": 89943, "is_retweet": false}, {"source": "Twitter for iPhone", "id_str": "951229113897013248", "text": "The United States needs the security of the Wall on the Southern Border, which must be part of any DACA approval. The safety and security of our country is #1! https://t.co/4CFzQXb5aS", "created_at": "Wed Jan 10 23:07:48 +0000 2018", "retweet_count": 15828, "in_reply_to_user_id_str": null, "favorite_count": 69057, "is_retweet": false}, {"source": "Twitter for iPhone", "id_str": "951204878562549767", "text": "Today, it was my great honor to welcome Prime Minister Erna Solberg of Norway to the @WhiteHouse - a great friend and ally of the United States! Joint press conference: https://t.co/qWR1BhfQZI https://t.co/PJvwznjRCO", "created_at": "Wed Jan 10 21:31:30 +0000 2018", "retweet_count": 9570, "in_reply_to_user_id_str": null, "favorite_count": 50505, "is_retweet": false}, {"source": "Twitter for iPhone", "id_str": "951184020150382592", "text": "I want to thank my @Cabinet for working tirelessly on behalf of our country. 2017 was a year of monumental achievement and we look forward to the year ahead. Together, we are delivering results and MAKING AMERICA GREAT AGAIN! https://t.co/ptXa1hAPwW https://t.co/yv6RALkQf3", "created_at": "Wed Jan 10 20:08:37 +0000 2018", "retweet_count": 11875, "in_reply_to_user_id_str": null, "favorite_count": 56051, "is_retweet": false}, {"source": "Twitter for iPhone", "id_str": "951109942685126656", "text": "The single greatest Witch Hunt in American history continues. There was no collusion, everybody including the Dems knows there was no collusion, &amp; yet on and on it goes. Russia &amp; the world is laughing at the stupidity they are witnessing. Republicans should finally take control!", "created_at": "Wed Jan 10 15:14:15 +0000 2018", "retweet_count": 28805, "in_reply_to_user_id_str": null, "favorite_count": 119548, "is_retweet": false}, {"source": "Twitter for iPhone", "id_str": "951106475254059008", "text": "The fact that Sneaky Dianne Feinstein, who has on numerous occasions stated that collusion between Trump/Russia has not been found, would release testimony in such an underhanded and possibly illegal way, totally without authorization, is a disgrace. Must have tough Primary!", "created_at": "Wed Jan 10 15:00:29 +0000 2018", "retweet_count": 22740, "in_reply_to_user_id_str": null, "favorite_count": 92227, "is_retweet": false}, {"source": "Twitter for iPhone", "id_str": "951094078661414912", "text": "It just shows everyone how broken and unfair our Court System is when the opposing side in a case (such as DACA) always runs to the 9th Circuit and almost always wins before being reversed by higher courts.", "created_at": "Wed Jan 10 14:11:13 +0000 2018", "retweet_count": 26665, "in_reply_to_user_id_str": null, "favorite_count": 108152, "is_retweet": false}, {"source": "Twitter for iPhone", "id_str": "950946293077209088", "text": ".@ICEgov HSI agents and ERO officers, on behalf of an entire Nation, THANK YOU for what you are doing 24/7/365 to keep fellow American\u2019s SAFE. Everyone is so grateful!\n#LawEnforcementAppreciationDay\nPresident @realDonaldTrump https://t.co/HXCpTlruVo", "created_at": "Wed Jan 10 04:23:58 +0000 2018", "retweet_count": 13822, "in_reply_to_user_id_str": null, "favorite_count": 60252, "is_retweet": false}, {"source": "Twitter for iPhone", "id_str": "950937350003183618", "text": "Thank you @GOPLeader Kevin McCarthy! Couldn\u2019t agree w/you more. TOGETHER, we are #MAGA\ud83c\uddfa\ud83c\uddf8 https://t.co/QaxtqpyXTR", "created_at": "Wed Jan 10 03:48:26 +0000 2018", "retweet_count": 11893, "in_reply_to_user_id_str": null, "favorite_count": 51951, "is_retweet": false}, {"source": "Twitter for iPhone", "id_str": "950884128379035650", "text": "As I made very clear today, our country needs the security of the Wall on the Southern Border, which must be part of any DACA approval.", "created_at": "Wed Jan 10 00:16:57 +0000 2018", "retweet_count": 24552, "in_reply_to_user_id_str": null, "favorite_count": 123413, "is_retweet": false}, {"source": "Twitter for iPhone", "id_str": "950879772644659200", "text": "RT @Scavino45: \u201cUtilities cutting rates, cite benefits of Trump tax reform\u201d https://t.co/u19JMs4Bsr", "created_at": "Tue Jan 09 23:59:38 +0000 2018", "retweet_count": 11716, "in_reply_to_user_id_str": null, "favorite_count": 0, "is_retweet": true}, {"source": "Twitter for iPhone", "id_str": "950866561153331202", "text": "Today, it was my great honor to sign a new Executive Order to ensure Veterans have the resources they need as they transition back to civilian life. We must ensure that our HEROES are given the care and support they so richly deserve! https://t.co/0MdP9DDIAS https://t.co/LP2a8KCBAp", "created_at": "Tue Jan 09 23:07:09 +0000 2018", "retweet_count": 19481, "in_reply_to_user_id_str": null, "favorite_count": 82151, "is_retweet": false}]